Parent Name,Child Name
SNOWMOBILE MASTER,STANDARD EXHAUST SYSTEM
SNOWMOBILE MASTER,PRO-RIDE CHASSIS - BLACK
SNOWMOBILE MASTER,TALL SMOKE WINDSHIELD
SNOWMOBILE MASTER,STANDARD OIL SYSTEM
SNOWMOBILE MASTER,STANDARD HOOD - BLACK
SNOWMOBILE MASTER,COBRA 1.35 TRACK
SNOWMOBILE MASTER,STANDARD DRIVETRAIN
SNOWMOBILE MASTER,REAR BUMPER/RACK/SADDLEBAGS
SNOWMOBILE MASTER,PRO-CC REAR SUSPENSION
SNOWMOBILE MASTER,AXYS CHASSIS - RED
SNOWMOBILE MASTER,STANDARD FUEL SYSTEM
SNOWMOBILE MASTER,STD NOSE & FENDER FASTENER KIT
SNOWMOBILE MASTER,STANDARD COOLING SYSTEM
SNOWMOBILE MASTER,"BAR-MOUNTAIN, BASIC"
SNOWMOBILE MASTER,COBRA 1.6” TRACK
SNOWMOBILE MASTER,WINDSHIELD AXYS DEEP SNOW MID
SNOWMOBILE MASTER,PRO-XC REAR SUSPENSION
SNOWMOBILE MASTER,AXYS CHASSIS - BLACK
SNOWMOBILE MASTER,MID SMOKE WINDSHIELD
SNOWMOBILE MASTER,SWITCHBACK ASSAULT FRONT SUSPENSION
SNOWMOBILE MASTER,LOW BLK WINDSHIELD
SNOWMOBILE MASTER,700 LIBERTY ENGINE
SNOWMOBILE MASTER,BACKCOUNTRY 1.75” TRACK
SNOWMOBILE MASTER,850 Patriot™ ENGINE
SNOWMOBILE MASTER,SNO HAND GUARDS - RED
SNOWMOBILE MASTER,SNO HAND GUARDS - BLACK
SNOWMOBILE MASTER,600 Cleanfire® ENGINE
SNOWMOBILE MASTER,K-PASS SEAT AND SUPPORT TP/CO
SNOWMOBILE MASTER,STANDARD INTAKE SYSTEM
SNOWMOBILE MASTER,FT2 PASSENGER SEAT
SNOWMOBILE MASTER,STANDARD HOOD - RED
SNOWMOBILE MASTER,800 Cleanfire® H.O. ENGINE
SNOWMOBILE MASTER,STANDARD NOSE & FENDER - RED
SNOWMOBILE MASTER,STANDARD CONSOLE
SNOWMOBILE MASTER,STANDARD ELECTRICAL SYSTEM
SNOWMOBILE MASTER,STANDARD NOSE & FENDER - BLACK
SNOWMOBILE MASTER,ICE ATTAK 1.22
SNOWMOBILE MASTER,STANDARD FRONT BUMPER
SNOWMOBILE MASTER,INDY ADVENTURE FRONT SUSPENSION
SNOWMOBILE MASTER,PRO-RIDE CHASSIS - RED
STANDARD EXHAUST SYSTEM,ASM-TUNED PIPE 800 MAIN_SW
PRO-RIDE CHASSIS - BLACK,ASM-TUNED PIPE 800 MAIN_SW_CAP
TALL SMOKE WINDSHIELD,ASM-RESONATOR AXYS
STANDARD OIL SYSTEM,RUBBER-MOUNT PIPE
STANDARD HOOD - BLACK,GASKET-EXHAUST
COBRA 1.35 TRACK,"MOUNT-ENGINE INSERT RAD,MAG"
STANDARD DRIVETRAIN,BEARING-FLANGE JACKSHAFT
REAR BUMPER/RACK/SADDLEBAGS,ASM-FRAME TUBULAR FRONT ALUM
PRO-CC REAR SUSPENSION,ASM-TUBE FRAME REAR
AXYS CHASSIS - RED,MOUNT-ENGINE REAR BASE MACH
STANDARD FUEL SYSTEM,ASM-TIE ROD BOOT LH
STD NOSE & FENDER FASTENER KIT,ASM-RUNNINGBOARD 129 RH
STANDARD COOLING SYSTEM,ASM-BUMPER REAR TP129 ALUM
"BAR-MOUNTAIN, BASIC",MOUNT2-ENGINE
COBRA 1.6” TRACK,ASM-TUBE CROSS UCA AL BONDED
WINDSHIELD AXYS DEEP SNOW MID,ASM-FOOTREST LH
PRO-XC REAR SUSPENSION,ORG HEAT EXCHANGER ASSY
AXYS CHASSIS - BLACK,"MOUNT-ENGINE INSERT RAD,PTO"
MID SMOKE WINDSHIELD,ASM-TORQUE LINK FIXED
SWITCHBACK ASSAULT FRONT SUSPENSION,ASM-TIE ROD BOOT RH
LOW BLK WINDSHIELD,ASM-CHASSIS 144 CONV VOYGR BSC
700 LIBERTY ENGINE,MOUNT1-ENGINE
BACKCOUNTRY 1.75” TRACK,"FOOTREST-RH, ASM"
850 Patriot™ ENGINE,"TUBE-BRACE LH, ASM"
SNO HAND GUARDS - RED,MOUNT-ENGINE FRT BASE MACH
SNO HAND GUARDS - BLACK,ASM-FOOTREST SUPPORT RH
600 Cleanfire® ENGINE,R/T SHOCK MOUNT SW
K-PASS SEAT AND SUPPORT TP/CO,ASM-RUNNINGBOARD 129 LH
STANDARD INTAKE SYSTEM,WELD-TUBE BRACE RH
FT2 PASSENGER SEAT,WSHR-6.4X18.0X1
STANDARD HOOD - RED,GUARD CLUTCH
800 Cleanfire® H.O. ENGINE,REGULATOR-DC LED
STANDARD NOSE & FENDER - RED,ASM-OIL BOTTLE
STANDARD CONSOLE,"CAP, OIL TANK"
STANDARD ELECTRICAL SYSTEM,SCR-TXTH-M6X1
STANDARD NOSE & FENDER - BLACK,NUT-M6X1
ICE ATTAK 1.22,Polaris® MessageCenter (MC) Gauge
STANDARD FRONT BUMPER,"SWITCH-KEY,3 POS,MT SLV"
INDY ADVENTURE FRONT SUSPENSION,HOOD-UV TPO BSC 2
PRO-RIDE CHASSIS - RED,HOOD-UV TPO BSC 1
STANDARD EXHAUST SYSTEM,LID-STORAGE
PRO-RIDE CHASSIS - BLACK,"WASHER-NYLN, BLK, .875 X 1.25 X"
TALL SMOKE WINDSHIELD,"RETAINER-1/4 TURN 6MM,STEEL"
STANDARD OIL SYSTEM,STUD-1/4 TURN 6MMX16MM
STANDARD HOOD - BLACK,HOOD-UV TPO BSC 5
COBRA 1.35 TRACK,HOOD-UV TPO BSC 3
STANDARD DRIVETRAIN,ASM-HEADLIGHT LED
REAR BUMPER/RACK/SADDLEBAGS,ASM-HEADLIGHT LED
PRO-CC REAR SUSPENSION,ASM-HEADLIGHT LED
AXYS CHASSIS - RED,HOOD-UV TPO BSC 4
STANDARD FUEL SYSTEM,"RIVET-TUFLOK,.315-.325X"
STD NOSE & FENDER FASTENER KIT,SPROCKET-37T 3/4W 15T SPL PM LW
STANDARD COOLING SYSTEM,SCR-HXFL-M6X1.0X16 8
"BAR-MOUNTAIN, BASIC",SLEEVE-CHAINCASE
COBRA 1.6” TRACK,BUSHING-1.00X1
WINDSHIELD AXYS DEEP SNOW MID,O-RING 20.30MMX2
PRO-XC REAR SUSPENSION,"CASE,DRIVETRAIN SHAFT"
AXYS CHASSIS - BLACK,WASHER-.813 X .406 X
MID SMOKE WINDSHIELD,"WASHER-FLAT, 3/8 TYPE B (W)-SS"
SWITCHBACK ASSAULT FRONT SUSPENSION,SPACER-CLUTCH TEAM METRIC
LOW BLK WINDSHIELD,SCR-HXFL-M10X1
700 LIBERTY ENGINE,--
BACKCOUNTRY 1.75” TRACK,SLEEVE-CHAMFERLESS
850 Patriot™ ENGINE,"SPROCKET-23T, 3/4W, 15 SPL, HV, PM"
SNO HAND GUARDS - RED,"ASM-DRVN CLTCH,TEAM,BSC,LWTSPL"
SNO HAND GUARDS - BLACK,"DRIVETRAIN SHAFT,BRAKING"
600 Cleanfire® ENGINE,"PLUG-MAGNETIC,M14X1"
K-PASS SEAT AND SUPPORT TP/CO,SCR-HXFL-M10X1.25X25 8
STANDARD INTAKE SYSTEM,ASM-BRAKE CALIPER AIR SNO LR20
FT2 PASSENGER SEAT,SENSOR-SPEED PICKUP LG
STANDARD HOOD - RED,ASM-DRVSHAFT TUB SMOOTH 2S-8T
800 Cleanfire® H.O. ENGINE,WASHER-FL .406X.812X
STANDARD NOSE & FENDER - RED,WSHR-1.00 X 1.250 X
STANDARD CONSOLE,DISC-BRAKE
STANDARD ELECTRICAL SYSTEM,ASM-CHAINCASE INTERMD
STANDARD NOSE & FENDER - BLACK,WASHER-.406X1.25X
ICE ATTAK 1.22,SCR-M10X1.25X20 8
STANDARD FRONT BUMPER,WASHER-SPRING .406X1.25X
INDY ADVENTURE FRONT SUSPENSION,GASKET-CHAINCASE COVER
PRO-RIDE CHASSIS - RED,REAR BUMPER/RACK LAYOUTS
STANDARD EXHAUST SYSTEM,PRO-CC REAR SUSPENSION
PRO-RIDE CHASSIS - BLACK,ASM-BRKT IDLER TOP
TALL SMOKE WINDSHIELD,MOUNT-ENGINE INSERT RAD PTO
STANDARD OIL SYSTEM,ASM-TIE ROD BOOT RH
STANDARD HOOD - BLACK,ASM-TIE ROD BOOT LH
COBRA 1.35 TRACK,ASM-CHASSIS 137 PROG BSC
STANDARD DRIVETRAIN,ASM-TORQUE LINK FIXED
REAR BUMPER/RACK/SADDLEBAGS,BEARING-FLANGE JACKSHAFT
PRO-CC REAR SUSPENSION,MOUNT-ENGINE
AXYS CHASSIS - RED,ASM-FOOTREST LH
STANDARD FUEL SYSTEM,"FOOTREST-RH, ASM"
STD NOSE & FENDER FASTENER KIT,WELD-TUBE BRACE RH
STANDARD COOLING SYSTEM,ASM-TUBE FRAME REAR
"BAR-MOUNTAIN, BASIC",MOUNT-ENGINE PTO FRONT
COBRA 1.6” TRACK,"TUBE-BRACE LH, ASM"
WINDSHIELD AXYS DEEP SNOW MID,ASM-FRAME TUBULAR FRONT ALUM
PRO-XC REAR SUSPENSION,ASM-R/T SHOCK MOUNT 137
AXYS CHASSIS - BLACK,MOUNT-ENGINE INSERT RAD MAG
MID SMOKE WINDSHIELD,WSHR-.275X.84X
SWITCHBACK ASSAULT FRONT SUSPENSION,FUEL PIPELINE 2
LOW BLK WINDSHIELD,FUEL PIPELINE 1
700 LIBERTY ENGINE,ASM-SEAT BLK/WHITE/RED
BACKCOUNTRY 1.75” TRACK,SCR-TXPH-M6X1
850 Patriot™ ENGINE,FUEL CAP
SNO HAND GUARDS - RED,NUT-PFA
SNO HAND GUARDS - BLACK,STUD-M6X1.0X25 8
600 Cleanfire® ENGINE,FUEL TANK BODY
K-PASS SEAT AND SUPPORT TP/CO,BRKT-SEAT MOUNT REAR - RED PC
STANDARD INTAKE SYSTEM,SCR-HXFL-M6X1.0X20 8
FT2 PASSENGER SEAT,NUT-M6X1
STANDARD HOOD - RED,"RIVET-TUFLOK,.315-.325X"
800 Cleanfire® H.O. ENGINE,SCR-SHLDR-TXTH M5X0
STANDARD NOSE & FENDER - RED,LATCH-1/4 TURN
STANDARD CONSOLE,WASHER-.510X.840X
STANDARD ELECTRICAL SYSTEM,GROMMET-LATCH
STANDARD NOSE & FENDER - BLACK,RVT-3/16(.251-
ICE ATTAK 1.22,HOSE COOLER/ENG WATERPUMP
STANDARD FRONT BUMPER,"HOSE, BOTTLE/ENGINE"
INDY ADVENTURE FRONT SUSPENSION,HOSE ENG/COOLER
PRO-RIDE CHASSIS - RED,SPRINGBAND-CLAMP 26/12
STANDARD EXHAUST SYSTEM,HOSE-TBODY/COOLANT BOTTLE
PRO-RIDE CHASSIS - BLACK,HOSE ENG/CLOSEOFF
TALL SMOKE WINDSHIELD,WELD-COOLANT BOTTLE
STANDARD OIL SYSTEM,"SPRINGBAND-CLAMP 32/12, BROWN OR SILVER"
STANDARD HOOD - BLACK,HOSE-SUPPORT
COBRA 1.35 TRACK,"CLAMP-HOSE, 9/16, SPRING-B"
STANDARD DRIVETRAIN,"CLAMP-HOSE, 1"
REAR BUMPER/RACK/SADDLEBAGS,CAP-PRESSURE
PRO-CC REAR SUSPENSION,"FOAM-COOLING HOSE 5/8"""
AXYS CHASSIS - RED,HOSE-SUPPORT BYPASS
STANDARD FUEL SYSTEM,SPRINGBAND-CLAMP 24/12
STD NOSE & FENDER FASTENER KIT,"SPRINGBAND-CLAMP 29/12,BLK"
STANDARD COOLING SYSTEM,"SPRINGBAND-CLAMP 35/12,BLK"
"BAR-MOUNTAIN, BASIC",HOSE-BOTTLE/TUNNEL OUT
COBRA 1.6” TRACK,"BAR-MOUNTAIN, BASIC"
WINDSHIELD AXYS DEEP SNOW MID,PRO-XC REAR SUSPENSION
PRO-XC REAR SUSPENSION,ASM-TUBE FRAME REAR
AXYS CHASSIS - BLACK,ASM-CHASSIS 137 PROG BSC
MID SMOKE WINDSHIELD,WELD-TUBE BRACE RH
SWITCHBACK ASSAULT FRONT SUSPENSION,ASM-R/T SHOCK MOUNT 137
LOW BLK WINDSHIELD,ASM-TIE ROD BOOT LH
700 LIBERTY ENGINE,ASM-FRAME TUBULAR FRONT ALUM
BACKCOUNTRY 1.75” TRACK,ASM-TORQUE LINK FIXED
850 Patriot™ ENGINE,"FOOTREST-RH, ASM"
SNO HAND GUARDS - RED,"TUBE-BRACE LH, ASM"
SNO HAND GUARDS - BLACK,ASM-BRKT IDLER TOP
600 Cleanfire® ENGINE,BEARING-FLANGE JACKSHAFT
K-PASS SEAT AND SUPPORT TP/CO,ASM-FOOTREST LH
STANDARD INTAKE SYSTEM,MOUNT-ENGINE INSERT RAD MAG
FT2 PASSENGER SEAT,MOUNT-ENGINE
STANDARD HOOD - RED,ASM-TIE ROD BOOT RH
800 Cleanfire® H.O. ENGINE,MOUNT-ENGINE PTO FRONT
STANDARD NOSE & FENDER - RED,MOUNT-ENGINE INSERT RAD PTO
STANDARD CONSOLE,SWITCHBACK ASSAULT SUSPENSION ARMS
STANDARD ELECTRICAL SYSTEM,ASM-SKI PRO STEER BSC
STANDARD NOSE & FENDER - BLACK,SWITCHBACK ASSAULT STEERING
ICE ATTAK 1.22,ENGINE CONTROL UNIT SOFTWARE
STANDARD FRONT BUMPER,EXH VALVE BASE
INDY ADVENTURE FRONT SUSPENSION,"SUB,EV COOLANT HOSE"
PRO-RIDE CHASSIS - RED,WSHR-0.5625X1.1X0
STANDARD EXHAUST SYSTEM,"ADAPTOR-THROTTLE BODY,INTSTUFF"
PRO-RIDE CHASSIS - BLACK,CAPLUG-#17 TAPERED 1.447-1
TALL SMOKE WINDSHIELD,"RECOIL,600/800"
STANDARD OIL SYSTEM,GEAR-STARTER-RING CLUTCH HCR
STANDARD HOOD - BLACK,"HEAD-CYL,85 CH BYPASS,HBV"
COBRA 1.35 TRACK,WELD-MANIFOLD 800
STANDARD DRIVETRAIN,"CRANKCASE,800 AS"
REAR BUMPER/RACK/SADDLEBAGS,"COVER-MACH,TAPERED,CAPTIVATING"
PRO-CC REAR SUSPENSION,"SHEAVE-MOVEABLE MACH, MID"
AXYS CHASSIS - RED,"SCR-M14 X 1.5 X 215, HX, 10"
STANDARD FUEL SYSTEM,"ASM-THROTTLE BODY,48MM,16"
STD NOSE & FENDER FASTENER KIT,"CYL-85MM,SDI MONOBLOCK, NEW EV"
STANDARD COOLING SYSTEM,"CAP-PLUG,T-862"
"BAR-MOUNTAIN, BASIC",ENGINE CONTROL UNIT
COBRA 1.6” TRACK,"ASM-THROTTLE BODY,48MM,16"
WINDSHIELD AXYS DEEP SNOW MID,"FUEL RAIL,AS"
PRO-XC REAR SUSPENSION,COVER-HEAD 85 TWIN CH BP MACH
AXYS CHASSIS - BLACK,CLAMP-VINYL COATED
MID SMOKE WINDSHIELD,COVER-THERMOSTAT M6 BLEED MACH
SWITCHBACK ASSAULT FRONT SUSPENSION,"ASM-SHEAVE STATIONARY, ES, BT"
LOW BLK WINDSHIELD,"COVER-WP,800,BP,MACH"
700 LIBERTY ENGINE,"REED VALVE,VFORCE"
BACKCOUNTRY 1.75” TRACK,"SPARK PLUG-NGK, BPR 9ES"
850 Patriot™ ENGINE,"ASM-THROTTLE BODY,48MM,16"
SNO HAND GUARDS - RED,"SPARK PLUG-NGK, BPR 9ES"
SNO HAND GUARDS - BLACK,"HEAD-CYL,85 CH BYPASS,HBV"
600 Cleanfire® ENGINE,CAPLUG-#17 TAPERED 1.447-1
K-PASS SEAT AND SUPPORT TP/CO,ENGINE CONTROL UNIT SOFTWARE
STANDARD INTAKE SYSTEM,"SUB,EV COOLANT HOSE"
FT2 PASSENGER SEAT,"COVER-MACH,TAPERED,CAPTIVATING"
STANDARD HOOD - RED,CLAMP-VINYL COATED
800 Cleanfire® H.O. ENGINE,"ADAPTOR-THROTTLE BODY,INTSTUFF"
STANDARD NOSE & FENDER - RED,"ASM-SHEAVE STATIONARY, ES, BT"
STANDARD CONSOLE,"ASM-THROTTLE BODY,48MM,16"
STANDARD ELECTRICAL SYSTEM,"REED VALVE,VFORCE"
STANDARD NOSE & FENDER - BLACK,"SHEAVE-MOVEABLE MACH, MID"
ICE ATTAK 1.22,WSHR-0.5625X1.1X0
STANDARD FRONT BUMPER,"CRANKCASE,800 AS"
INDY ADVENTURE FRONT SUSPENSION,"CAP-PLUG,T-862"
PRO-RIDE CHASSIS - RED,"COVER-WP,800,BP,MACH"
STANDARD EXHAUST SYSTEM,"RECOIL,600/800"
PRO-RIDE CHASSIS - BLACK,COVER-HEAD 85 TWIN CH BP MACH
TALL SMOKE WINDSHIELD,GEAR-STARTER-RING CLUTCH HCR
STANDARD OIL SYSTEM,ENGINE CONTROL UNIT
STANDARD HOOD - BLACK,"CYL-85MM,SDI MONOBLOCK, NEW EV"
COBRA 1.35 TRACK,EXH VALVE BASE
STANDARD DRIVETRAIN,"SCR-M14 X 1.5 X 215, HX, 10"
REAR BUMPER/RACK/SADDLEBAGS,WELD-MANIFOLD 800
PRO-CC REAR SUSPENSION,COVER-THERMOSTAT M6 BLEED MACH
AXYS CHASSIS - RED,"FUEL RAIL,AS"
STANDARD FUEL SYSTEM,SNO HAND GUARD ASM
STD NOSE & FENDER FASTENER KIT,SNO HAND GUARD ASM
STANDARD COOLING SYSTEM,"COVER-MACH,TAPERED,CAPTIVATING"
"BAR-MOUNTAIN, BASIC",WSHR-0.5625X1.1X0
COBRA 1.6” TRACK,CAPLUG-#17 TAPERED 1.447-1
WINDSHIELD AXYS DEEP SNOW MID,ENGINE CONTROL UNIT
PRO-XC REAR SUSPENSION,"CYL-85MM,SDI MONOBLOCK, NEW EV"
AXYS CHASSIS - BLACK,"HEAD-CYL,85 CH BYPASS,HBV"
MID SMOKE WINDSHIELD,CLAMP-VINYL COATED
SWITCHBACK ASSAULT FRONT SUSPENSION,"ASM-THROTTLE BODY,48MM,16"
LOW BLK WINDSHIELD,"ASM-THROTTLE BODY,48MM,16"
700 LIBERTY ENGINE,"ASM-SHEAVE STATIONARY, ES, BT"
BACKCOUNTRY 1.75” TRACK,COVER-THERMOSTAT M6 BLEED MACH
850 Patriot™ ENGINE,"FUEL RAIL,AS"
SNO HAND GUARDS - RED,"REED VALVE,VFORCE"
SNO HAND GUARDS - BLACK,ENGINE CONTROL UNIT SOFTWARE
600 Cleanfire® ENGINE,WELD-MANIFOLD 800
K-PASS SEAT AND SUPPORT TP/CO,GEAR-STARTER-RING CLUTCH HCR
STANDARD INTAKE SYSTEM,"SCR-M14 X 1.5 X 215, HX, 10"
FT2 PASSENGER SEAT,"SHEAVE-MOVEABLE MACH, MID"
STANDARD HOOD - RED,"SPARK PLUG-NGK, BPR 9ES"
800 Cleanfire® H.O. ENGINE,"CAP-PLUG,T-862"
STANDARD NOSE & FENDER - RED,"RECOIL,600/800"
STANDARD CONSOLE,COVER-HEAD 85 TWIN CH BP MACH
STANDARD ELECTRICAL SYSTEM,"COVER-WP,800,BP,MACH"
STANDARD NOSE & FENDER - BLACK,"ADAPTOR-THROTTLE BODY,INTSTUFF"
ICE ATTAK 1.22,EV HOUSING SW Model
STANDARD FRONT BUMPER,"CRANKCASE,800 AS"
INDY ADVENTURE FRONT SUSPENSION,CLIP-1/4 TURN 6MM
PRO-RIDE CHASSIS - RED,SCR-TXTH-M6X1
STANDARD EXHAUST SYSTEM,BRKT-PLENUM SUPPORT
PRO-RIDE CHASSIS - BLACK,SCR-M6X1
TALL SMOKE WINDSHIELD,"CLIP-""U"",M6.0X1"
STANDARD OIL SYSTEM,RIVET-3/16 X
STANDARD HOOD - BLACK,"SCR-10X5/8-HI/LO,PN-T25,TRX-M"
COBRA 1.35 TRACK,"RIVET-TUFLOK,.315-.325X"
STANDARD DRIVETRAIN,"SCR-TX TRUSS-#14X3/4, HI/LO B"
REAR BUMPER/RACK/SADDLEBAGS,PLENUM-LOWER
PRO-CC REAR SUSPENSION,ASM-SILENCER W/COILS
AXYS CHASSIS - RED,ASM-TUBE INTAKE
STANDARD FUEL SYSTEM,PLENUM-UPPER
STD NOSE & FENDER FASTENER KIT,K-PASS SEAT AND SUPPORT TP/CO
STANDARD COOLING SYSTEM,HOOD-UV TPO BSC 2
"BAR-MOUNTAIN, BASIC",HOOD-UV TPO BSC 5
COBRA 1.6” TRACK,"WASHER-NYLN, BLK, .875 X 1.25 X"
WINDSHIELD AXYS DEEP SNOW MID,ASM-HEADLIGHT LED
PRO-XC REAR SUSPENSION,HOOD-UV TPO BSC 1
AXYS CHASSIS - BLACK,LID-STORAGE
MID SMOKE WINDSHIELD,HOOD-UV TPO BSC 3
SWITCHBACK ASSAULT FRONT SUSPENSION,ASM-HEADLIGHT LED
LOW BLK WINDSHIELD,STUD-1/4 TURN 6MMX16MM
700 LIBERTY ENGINE,ASM-HEADLIGHT LED
BACKCOUNTRY 1.75” TRACK,Polaris® MessageCenter (MC) Gauge
850 Patriot™ ENGINE,HOOD-UV TPO BSC 4
SNO HAND GUARDS - RED,"RETAINER-1/4 TURN 6MM,STEEL"
SNO HAND GUARDS - BLACK,"SWITCH-KEY,3 POS,MT SLV"
600 Cleanfire® ENGINE,"RIVET-TUFLOK,.315-.325X"
K-PASS SEAT AND SUPPORT TP/CO,COVER-THERMOSTAT M6 BLEED MACH
STANDARD INTAKE SYSTEM,WSHR-0.5625X1.1X0
FT2 PASSENGER SEAT,"SPARK PLUG-NGK, BPR 9ES"
STANDARD HOOD - RED,"COVER-MACH,TAPERED,CAPTIVATING"
800 Cleanfire® H.O. ENGINE,"ADAPTOR-THROTTLE BODY,INTSTUFF"
STANDARD NOSE & FENDER - RED,"HEAD-CYL,85 CH BYPASS,HBV"
STANDARD CONSOLE,"ASM-SHEAVE STATIONARY, ES, BT"
STANDARD ELECTRICAL SYSTEM,"RECOIL,600/800"
STANDARD NOSE & FENDER - BLACK,GEAR-STARTER-RING CLUTCH HCR
ICE ATTAK 1.22,WELD-MANIFOLD 800
STANDARD FRONT BUMPER,ENGINE CONTROL UNIT SOFTWARE
INDY ADVENTURE FRONT SUSPENSION,"CRANKCASE,800 AS"
PRO-RIDE CHASSIS - RED,"FUEL RAIL,AS"
STANDARD EXHAUST SYSTEM,CAPLUG-#17 TAPERED 1.447-1
PRO-RIDE CHASSIS - BLACK,"ASM-THROTTLE BODY,48MM,16"
TALL SMOKE WINDSHIELD,"ASM-THROTTLE BODY,48MM,16"
STANDARD OIL SYSTEM,"REED VALVE,VFORCE"
STANDARD HOOD - BLACK,"SHEAVE-MOVEABLE MACH, MID"
COBRA 1.35 TRACK,COVER-HEAD 85 TWIN CH BP MACH
STANDARD DRIVETRAIN,"SUB,EV COOLANT HOSE"
REAR BUMPER/RACK/SADDLEBAGS,"CYL-85MM,SDI MONOBLOCK, NEW EV"
PRO-CC REAR SUSPENSION,"SCR-M14 X 1.5 X 215, HX, 10"
AXYS CHASSIS - RED,CLAMP-VINYL COATED
STANDARD FUEL SYSTEM,"CAP-PLUG,T-862"
STD NOSE & FENDER FASTENER KIT,"COVER-WP,800,BP,MACH"
STANDARD COOLING SYSTEM,EXH VALVE BASE
"BAR-MOUNTAIN, BASIC",ENGINE CONTROL UNIT
COBRA 1.6” TRACK,CLOSEOFF-NOSEPAN
WINDSHIELD AXYS DEEP SNOW MID,ASM-FENDER RH
PRO-XC REAR SUSPENSION,LABEL 2 POLARIS LH
AXYS CHASSIS - BLACK,LABEL 1 POLARIS RH
MID SMOKE WINDSHIELD,PANEL-SIDE LH PNTD TPO BSC
SWITCHBACK ASSAULT FRONT SUSPENSION,NOSEPAN-BASIC
LOW BLK WINDSHIELD,LABEL 1 POLARIS LH
700 LIBERTY ENGINE,PANEL-SIDE RH PNTD TPO BSC
BACKCOUNTRY 1.75” TRACK,LABEL 2 POLARIS RH
850 Patriot™ ENGINE,ASM-FENDER LH
SNO HAND GUARDS - RED,HANDLE-RECOIL
SNO HAND GUARDS - BLACK,CONSOLE-PROG BLK
600 Cleanfire® ENGINE,NUT - FILLER NECK
K-PASS SEAT AND SUPPORT TP/CO,BRKT-RECOIL
STANDARD INTAKE SYSTEM,2413200 harness sw model
FT2 PASSENGER SEAT,2413200 CONNECTORS SW MODEL
STANDARD HOOD - RED,2413777 harness sw model
800 Cleanfire® H.O. ENGINE,2413777 CONNECTORS SW MODEL
STANDARD NOSE & FENDER - RED,NOSEPAN-BASIC
STANDARD CONSOLE,ASM-FENDER LH
STANDARD ELECTRICAL SYSTEM,LABEL 1 POLARIS RH
STANDARD NOSE & FENDER - BLACK,PANEL-SIDE LH PNTD TPO BSC
ICE ATTAK 1.22,LABEL 1 POLARIS LH
STANDARD FRONT BUMPER,PANEL-SIDE RH PNTD TPO BSC
INDY ADVENTURE FRONT SUSPENSION,LABEL 2 POLARIS LH
PRO-RIDE CHASSIS - RED,LABEL 2 POLARIS RH
STANDARD EXHAUST SYSTEM,CLOSEOFF-NOSEPAN
PRO-RIDE CHASSIS - BLACK,ASM-FENDER RH
TALL SMOKE WINDSHIELD,BUMPER-FRONT LOWER
STANDARD OIL SYSTEM,SCR-HXFL-M6X1.0X25 8
STANDARD HOOD - BLACK,BRKT-PIPE/CHASSIS
COBRA 1.35 TRACK,NUT-M6X1
STANDARD DRIVETRAIN,SCR-TXTH-M6X1
REAR BUMPER/RACK/SADDLEBAGS,WELD-BUMPER FRONT
PRO-CC REAR SUSPENSION,INDY ADVENTURE STEERING
AXYS CHASSIS - RED,INDY ADVENTURE SUSPENSION ARMS
STANDARD FUEL SYSTEM,ASM-SKI PRO STEER BSC
STD NOSE & FENDER FASTENER KIT,ASM-TUBE FRAME REAR
STANDARD COOLING SYSTEM,ASM-TORQUE LINK FIXED
"BAR-MOUNTAIN, BASIC",ASM-RUNNINGBOARD 129 LH
COBRA 1.6” TRACK,ASM-CHASSIS 144 CONV VOYGR BSC
WINDSHIELD AXYS DEEP SNOW MID,ASM-BUMPER REAR TP129 ALUM
PRO-XC REAR SUSPENSION,MOUNT-ENGINE FRT BASE MACH
AXYS CHASSIS - BLACK,ASM-FRAME TUBULAR FRONT ALUM
MID SMOKE WINDSHIELD,"MOUNT-ENGINE INSERT RAD,MAG"
SWITCHBACK ASSAULT FRONT SUSPENSION,ASM-TIE ROD BOOT LH
LOW BLK WINDSHIELD,R/T SHOCK MOUNT SW
700 LIBERTY ENGINE,ORG HEAT EXCHANGER ASSY
BACKCOUNTRY 1.75” TRACK,ASM-RUNNINGBOARD 129 RH
850 Patriot™ ENGINE,ASM-FOOTREST LH
SNO HAND GUARDS - RED,"MOUNT-ENGINE INSERT RAD,PTO"
SNO HAND GUARDS - BLACK,BEARING-FLANGE JACKSHAFT
600 Cleanfire® ENGINE,ASM-TIE ROD BOOT RH
K-PASS SEAT AND SUPPORT TP/CO,ASM-TUBE CROSS UCA AL BONDED
STANDARD INTAKE SYSTEM,MOUNT1-ENGINE
FT2 PASSENGER SEAT,"TUBE-BRACE LH, ASM"
STANDARD HOOD - RED,MOUNT2-ENGINE
800 Cleanfire® H.O. ENGINE,WELD-TUBE BRACE RH
STANDARD NOSE & FENDER - RED,"FOOTREST-RH, ASM"
STANDARD CONSOLE,ASM-FOOTREST SUPPORT RH
STANDARD ELECTRICAL SYSTEM,MOUNT-ENGINE REAR BASE MACH
ASM-TUNED PIPE 800 MAIN_SW,"SCR-1/4-20X1/2 TFM,HW-M"
ASM-TUNED PIPE 800 MAIN_SW_CAP,SHIELD-HEAT RESONATOR
ASM-RESONATOR AXYS,RESONATOR AXYS PART 1
RUBBER-MOUNT PIPE,RESONATOR AXYS PART 3
GASKET-EXHAUST,WASHER-.28X.81X
"MOUNT-ENGINE INSERT RAD,MAG",--
BEARING-FLANGE JACKSHAFT,--
ASM-FRAME TUBULAR FRONT ALUM,TUBE-FRAME FRONT ALUM
ASM-TUBE FRAME REAR,SCR-HXFL-M6X1X50 10
MOUNT-ENGINE REAR BASE MACH,TUBE-SHOCK TOWER
ASM-TIE ROD BOOT LH,SPACER-TUBE CAST 27
ASM-RUNNINGBOARD 129 RH,MOUNT-LOWER FRONT MACH RH
ASM-BUMPER REAR TP129 ALUM,SHIM-TUBE CAST 31
MOUNT2-ENGINE,MOUNT-LOWER FRONT MACH LH
ASM-TUBE CROSS UCA AL BONDED,RIVET-3/16-.214-
ASM-FOOTREST LH,MOUNT-UPPER MACH
ORG HEAT EXCHANGER ASSY,RIVET-3/16-.090-
"MOUNT-ENGINE INSERT RAD,PTO",TUBE-FOOTREST LH
ASM-TORQUE LINK FIXED,TUBE-FOOTREST RH
ASM-TIE ROD BOOT RH,MOUNT-LOWER REAR MACH LH
ASM-CHASSIS 144 CONV VOYGR BSC,SCR-TXTH-M6X1.0X15 8
MOUNT1-ENGINE,TUBE-FRAME REAR RH
"FOOTREST-RH, ASM",TUBE-FRAME REAR LH
"TUBE-BRACE LH, ASM",MOUNT-LOWER REAR MACH RH
MOUNT-ENGINE FRT BASE MACH,--
ASM-FOOTREST SUPPORT RH,BUSHING-TIE ROD BOOT
R/T SHOCK MOUNT SW,BASE-TIE ROD BOOT LH
ASM-RUNNINGBOARD 129 LH,SUPPORT-RUNNINGBOARD REAR RH
WELD-TUBE BRACE RH,129 RUNNINGBOARD-RH MACH
WSHR-6.4X18.0X1,FLAP-SNOW
GUARD CLUTCH,TUBE-BUMPER ALUM
REGULATOR-DC LED,"NUT-RIVNUT,HEX,M6X1"
ASM-OIL BOTTLE,SCR-TXTH-M6X1
"CAP, OIL TANK",CAP-TUBE CROSS UCA
SCR-TXTH-M6X1,TUBE-UCA ALUM
NUT-M6X1,RIVET-3/16-.090-
Polaris® MessageCenter (MC) Gauge,FOOTREST-LH
"SWITCH-KEY,3 POS,MT SLV",NUT-CLINCH M8X1
HOOD-UV TPO BSC 2,BRKT-SUPPORT OIL PUMP
HOOD-UV TPO BSC 1,PLUG-COOLER CENTER LEFT
LID-STORAGE,FITTING-COOLER STRAIGHT
"WASHER-NYLN, BLK, .875 X 1.25 X",PLUG-COOLER TOP LEFT
"RETAINER-1/4 TURN 6MM,STEEL",CAP-COOLER MACH LH
STUD-1/4 TURN 6MMX16MM,"FITTING-COOLER,90 DEG,15"
HOOD-UV TPO BSC 5,ORG HEAT EXCHANGER
HOOD-UV TPO BSC 3,PLUG-COOLER CENTER RIGHT
ASM-HEADLIGHT LED,CAP-COOLER CAST RH
ASM-HEADLIGHT LED,--
ASM-HEADLIGHT LED,--
HOOD-UV TPO BSC 4,---
"RIVET-TUFLOK,.315-.325X",arm-tork link
SPROCKET-37T 3/4W 15T SPL PM LW,BASE-TIE ROD BOOT RH
SCR-HXFL-M6X1.0X16 8,--
SLEEVE-CHAINCASE,BUSHING-TIE ROD BOOT
BUSHING-1.00X1,CLIP-MACH RH
O-RING 20.30MMX2,M6X1.0X30 CARRIAGE CL8
"CASE,DRIVETRAIN SHAFT","ASM-BRACE LOWER, LH"
WASHER-.813 X .406 X,SPACER-RUNNINGBOARD REAR LH
"WASHER-FLAT, 3/8 TYPE B (W)-SS",SPACER-RUNNINGBOARD REAR RH
SPACER-CLUTCH TEAM METRIC,FLOOR-BULKHEAD
SCR-HXFL-M10X1,CHASSIS 144 CONV VOYGR BSC
--,COVER-TAILLIGHT
SLEEVE-CHAMFERLESS,CLIP-MACH LH
"SPROCKET-23T, 3/4W, 15 SPL, HV, PM",WSHR-6.4X18.0X1
"ASM-DRVN CLTCH,TEAM,BSC,LWTSPL",DECAL-REFLECTOR RED LH
"DRIVETRAIN SHAFT,BRAKING",ASM-CHAINCASE INTERMD
"PLUG-MAGNETIC,M14X1",NUT-HXFL-M6X1
SCR-HXFL-M10X1.25X25 8,COVER-TAILLIGHT HARNESS 129
ASM-BRAKE CALIPER AIR SNO LR20,MOUNT-STEERING LOWER MACH
SENSOR-SPEED PICKUP LG,FOOTREST-RH
ASM-DRVSHAFT TUB SMOOTH 2S-8T,RIVET-3/16-.090-
WASHER-FL .406X.812X,SCR-TXTH-M8X1.25X25 8
WSHR-1.00 X 1.250 X,NUT-M8X1
DISC-BRAKE,TUBE-BRACE LH
ASM-CHAINCASE INTERMD,SUPPORT-FOOTREST RH
WASHER-.406X1.25X,SUPPORT-RUNNINGBOARD REAR LH
SCR-M10X1.25X20 8,RUNNINGBOARD-129 LH MACH
WASHER-SPRING .406X1.25X,TUBE-RESONATOR MOUNT
GASKET-CHAINCASE COVER,NUT-M8X1
REAR BUMPER/RACK LAYOUTS,SCR-M8X1.25X25 8
PRO-CC REAR SUSPENSION,TUBE-BRACE RH
ASM-BRKT IDLER TOP,BOTTLE-OIL
MOUNT-ENGINE INSERT RAD PTO,FITTING-1/4 STRAIGHT W/FILTER
ASM-TIE ROD BOOT RH,"GROMMET-FLANGED, .36X.56X1"
ASM-TIE ROD BOOT LH,SWITCH-OIL LEVEL NO CONTACT
ASM-CHASSIS 137 PROG BSC,gauge_pcb_board_assy_2
ASM-TORQUE LINK FIXED,GASKET-DIGITAL GAUGE
BEARING-FLANGE JACKSHAFT,Gauge Panel
MOUNT-ENGINE,ribbon_cable
ASM-FOOTREST LH,BEZEL-GAUGE CPI B1
"FOOTREST-RH, ASM",self_tapping_screw_m3x6
WELD-TUBE BRACE RH,"SOFTWARE-CPIB1SNO,UNP"
ASM-TUBE FRAME REAR,"CAP-END,SPLINE,DRIVE SHAFT"
MOUNT-ENGINE PTO FRONT,"CAP-END,DRIVE SHAFT"
"TUBE-BRACE LH, ASM",TUBE-DRIVE SHAFT
ASM-FRAME TUBULAR FRONT ALUM,HOUSING-DRIVESHAFT
ASM-R/T SHOCK MOUNT 137,"SPROCKET-8T,2"
MOUNT-ENGINE INSERT RAD MAG,SCR-TXTH-M8X1.25X15 8
WSHR-.275X.84X,"MOUNT,SHAFT GEAR RH"
FUEL PIPELINE 2,"BEARING-25X52X15,SPH"
FUEL PIPELINE 1,CHAINCASE-MACH
ASM-SEAT BLK/WHITE/RED,SEAL-OIL
SCR-TXPH-M6X1,"BEARING-BALL, 6205 LLB"
FUEL CAP,LYT-17 CARGO RACK
NUT-PFA,"LYT-17 BUMPER,REAR,RMK,BSC"
STUD-M6X1.0X25 8,ASM-SADDLEBAG LH
FUEL TANK BODY,ASM-SADDLEBAG RH
BRKT-SEAT MOUNT REAR - RED PC,"STRAP-LIMITER, ASM"
SCR-HXFL-M6X1.0X20 8,SCR-HXFL-M10X1.25X250 10
NUT-M6X1,"ROLLER-SPRING, TRI-ADJ, (LH SHOWN)"
"RIVET-TUFLOK,.315-.325X",ASM-ARM 83
SCR-SHLDR-TXTH M5X0,SHAFT-CROSS RMK
LATCH-1/4 TURN,"WHEEL-LWT, ASM"
WASHER-.510X.840X,NUT-M8X1
GROMMET-LATCH,ASM-WHEEL PLAIN
RVT-3/16(.251-,SHOCK-RTS W/E ASSAULT
HOSE COOLER/ENG WATERPUMP,"ASM-WHEEL,REAR"
"HOSE, BOTTLE/ENGINE",7044562_SPRING_ASSY
HOSE ENG/COOLER,SPACER-.520X.770X1
SPRINGBAND-CLAMP 26/12,WELD-SHOCK PIVOT ARM WT
HOSE-TBODY/COOLANT BOTTLE,"ARM, WELD MODEL"
HOSE ENG/CLOSEOFF,"SPRING-TOR,"
WELD-COOLANT BOTTLE,SHAFT-CROSS RMK
"SPRINGBAND-CLAMP 32/12, BROWN OR SILVER",SCR-HXFL-M10X1.5X230 8
HOSE-SUPPORT,"ASM-WHEEL, PLAIN, 6"
"CLAMP-HOSE, 9/16, SPRING-B",BOLT M8X1
"CLAMP-HOSE, 1",NUT-M10X1
CAP-PRESSURE,NUT-M10X1
"FOAM-COOLING HOSE 5/8""",SLEEVE-TORSION SPRING
HOSE-SUPPORT BYPASS,"CONNECTING PLATE, ASM"
SPRINGBAND-CLAMP 24/12,WELD-H-BRACKET
"SPRINGBAND-CLAMP 29/12,BLK","FRONT PIVOT ARM, ASM"
"SPRINGBAND-CLAMP 35/12,BLK",BUSHING-M16ODX10
HOSE-BOTTLE/TUNNEL OUT,WSHR-10.5X24X1
"BAR-MOUNTAIN, BASIC",SHAFT-CROSS MACH
PRO-XC REAR SUSPENSION,"REAR PIVOT ARM, WELD"
ASM-TUBE FRAME REAR,--
ASM-CHASSIS 137 PROG BSC,"SPRING-TOR,"
WELD-TUBE BRACE RH,--
ASM-R/T SHOCK MOUNT 137,"ROLLER-SPRING, TRI-ADJ, RH"
ASM-TIE ROD BOOT LH,CLIP-PUSH ON
ASM-FRAME TUBULAR FRONT ALUM,--
ASM-TORQUE LINK FIXED,WSHR-1.28 X 1.69 X
"FOOTREST-RH, ASM",BRKT-IDLER
"TUBE-BRACE LH, ASM",NUT-CLINCH-M6X1
ASM-BRKT IDLER TOP,--
BEARING-FLANGE JACKSHAFT,--
ASM-FOOTREST LH,BASE-TIE ROD BOOT RH
MOUNT-ENGINE INSERT RAD MAG,--
MOUNT-ENGINE,BUSHING-TIE ROD BOOT
ASM-TIE ROD BOOT RH,--
MOUNT-ENGINE PTO FRONT,BUSHING-TIE ROD BOOT
MOUNT-ENGINE INSERT RAD PTO,BASE-TIE ROD BOOT LH
SWITCHBACK ASSAULT SUSPENSION ARMS,"CLOSEOFF-REAR TUNNEL, ASM"
ASM-SKI PRO STEER BSC,TUBE-CROSSOVER EXTRUDED
SWITCHBACK ASSAULT STEERING,TUNNEL 137 PROG BSC
ENGINE CONTROL UNIT SOFTWARE,ASM-SUPPORT RUNNING BOARD 137
EXH VALVE BASE,MOUNT-STEERING LOWER MACH
"SUB,EV COOLANT HOSE",MOUNT-ENGINE FRT BASE MACH
WSHR-0.5625X1.1X0,ASM-COOLER BULKHEAD
"ADAPTOR-THROTTLE BODY,INTSTUFF",FLOOR-BULKHEAD
CAPLUG-#17 TAPERED 1.447-1,MOUNT-ENGINE REAR BASE MACH
"RECOIL,600/800","ASM-BRACE LOWER, LH"
GEAR-STARTER-RING CLUTCH HCR,LYT-17 REAR BUMPER/HITCH/RACK
"HEAD-CYL,85 CH BYPASS,HBV",CLIP-MACH LH
WELD-MANIFOLD 800,CLOSEOFF-RUNNING BOARD 137 LH
"CRANKCASE,800 AS",CLIP-MACH RH
"COVER-MACH,TAPERED,CAPTIVATING",SCR-M8X1.25X25 8
"SHEAVE-MOVEABLE MACH, MID",ASM-CHAINCASE INTERMD
"SCR-M14 X 1.5 X 215, HX, 10",CLOSEOFF-RUNNING BOARD 137 RH
"ASM-THROTTLE BODY,48MM,16",---
"CYL-85MM,SDI MONOBLOCK, NEW EV",arm-tork link
"CAP-PLUG,T-862",MOUNT-ENGINE RUBBER
ENGINE CONTROL UNIT,107017_rdk_revk_31mm_flange
"ASM-THROTTLE BODY,48MM,16",SCR-M6X1
"FUEL RAIL,AS",--
COVER-HEAD 85 TWIN CH BP MACH,RIVET-3/16-.090-
CLAMP-VINYL COATED,FOOTREST-LH
COVER-THERMOSTAT M6 BLEED MACH,FOOTREST-RH
"ASM-SHEAVE STATIONARY, ES, BT",RIVET-3/16-.090-
"COVER-WP,800,BP,MACH",TUBE-RESONATOR MOUNT
"REED VALVE,VFORCE",NUT-M8X1
"SPARK PLUG-NGK, BPR 9ES",SCR-M8X1.25X25 8
"ASM-THROTTLE BODY,48MM,16",TUBE-BRACE RH
"SPARK PLUG-NGK, BPR 9ES",RIVET-3/16-.214-
"HEAD-CYL,85 CH BYPASS,HBV",MOUNT-UPPER MACH
CAPLUG-#17 TAPERED 1.447-1,RIVET-3/16-.090-
ENGINE CONTROL UNIT SOFTWARE,TUBE-FOOTREST LH
"SUB,EV COOLANT HOSE",TUBE-FOOTREST RH
"COVER-MACH,TAPERED,CAPTIVATING",MOUNT-LOWER REAR MACH LH
CLAMP-VINYL COATED,SCR-TXTH-M6X1.0X15 8
"ADAPTOR-THROTTLE BODY,INTSTUFF",TUBE-FRAME REAR RH
"ASM-SHEAVE STATIONARY, ES, BT",TUBE-FRAME REAR LH
"ASM-THROTTLE BODY,48MM,16",MOUNT-LOWER REAR MACH RH
"REED VALVE,VFORCE",107017_rdk_revk_31mm_flange
"SHEAVE-MOVEABLE MACH, MID",--
WSHR-0.5625X1.1X0,NUT-CLINCH M8X1
"CRANKCASE,800 AS",MOUNT-ENGINE RUBBER
"CAP-PLUG,T-862",SCR-TXTH-M8X1.25X25 8
"COVER-WP,800,BP,MACH",NUT-M8X1
"RECOIL,600/800",TUBE-BRACE LH
COVER-HEAD 85 TWIN CH BP MACH,TUBE-FRAME FRONT ALUM
GEAR-STARTER-RING CLUTCH HCR,SCR-HXFL-M6X1X50 10
ENGINE CONTROL UNIT,TUBE-SHOCK TOWER
"CYL-85MM,SDI MONOBLOCK, NEW EV",SPACER-TUBE CAST 27
EXH VALVE BASE,MOUNT-LOWER FRONT MACH RH
"SCR-M14 X 1.5 X 215, HX, 10",SHIM-TUBE CAST 31
WELD-MANIFOLD 800,MOUNT-LOWER FRONT MACH LH
COVER-THERMOSTAT M6 BLEED MACH,MOUNT-R/T SHOCK MACH 137
"FUEL RAIL,AS",WELD-TUBE XBRACE FRONT RH
SNO HAND GUARD ASM,WELD-TUBE XBRACE FRONT LH
SNO HAND GUARD ASM,RIVET-4.8MM DIA-1.5-6
"COVER-MACH,TAPERED,CAPTIVATING",RIVET-3/16-.090-
WSHR-0.5625X1.1X0,WELD-TUBE XBRACE REAR
CAPLUG-#17 TAPERED 1.447-1,--
ENGINE CONTROL UNIT,--
"CYL-85MM,SDI MONOBLOCK, NEW EV",BASE-SEAT
"HEAD-CYL,85 CH BYPASS,HBV",BUN-SEAT
CLAMP-VINYL COATED,BOTTLE-LOWER COOLANT
"ASM-THROTTLE BODY,48MM,16",BOTTLE-UPPER COOLANT
"ASM-THROTTLE BODY,48MM,16","CLAMP-STEERING HOOP,BOTTOM"
"ASM-SHEAVE STATIONARY, ES, BT",MNT-MTN BAR RH
COVER-THERMOSTAT M6 BLEED MACH,RUBBER CROSSBAR RMK
"FUEL RAIL,AS",MNT-MTN BAR LH
"REED VALVE,VFORCE",SCR M6X1.0X35 8
ENGINE CONTROL UNIT SOFTWARE,SHAFT-CROSS RMK
WELD-MANIFOLD 800,"SPRING-TOR,"
GEAR-STARTER-RING CLUTCH HCR,SCR-HXFL-M10X1.25X250 10
"SCR-M14 X 1.5 X 215, HX, 10",SHAFT-CROSS RMK
"SHEAVE-MOVEABLE MACH, MID",NUT-M8X1
"SPARK PLUG-NGK, BPR 9ES","REAR PIVOT ARM, WELD_XC"
"CAP-PLUG,T-862",WELD-SHOCK PIVOT ARM WT
"RECOIL,600/800",SPACER-.520X.770X1
COVER-HEAD 85 TWIN CH BP MACH,SHAFT-CROSS MACH
"COVER-WP,800,BP,MACH","ROLLER-SPRING, TRI-ADJ, RH"
"ADAPTOR-THROTTLE BODY,INTSTUFF",RUNNER LH_XC
EV HOUSING SW Model,WELD-H-BRACKET
"CRANKCASE,800 AS",NUT-M10X1
CLIP-1/4 TURN 6MM,SHOCK-RTS W/E PRO XC
SCR-TXTH-M6X1,WSHR-1.28 X 1.69 X
BRKT-PLENUM SUPPORT,"SPRING-TOR,"
SCR-M6X1,7044562_SPRING_ASSY_XC
"CLIP-""U"",M6.0X1",CLIP-PUSH ON
RIVET-3/16 X,ASM-ARM 83_XC
"SCR-10X5/8-HI/LO,PN-T25,TRX-M","CONNECTING PLATE, ASM_XC"
"RIVET-TUFLOK,.315-.325X",SCR-HXFL-M10X1.5X230 8
"SCR-TX TRUSS-#14X3/4, HI/LO B",--
PLENUM-LOWER,NUT-M10X1
ASM-SILENCER W/COILS,BUSHING-M16ODX10
ASM-TUBE INTAKE,SLEEVE-TORSION SPRING
PLENUM-UPPER,ASM-WHEEL PLAIN
K-PASS SEAT AND SUPPORT TP/CO,RUNNER RH_XC
HOOD-UV TPO BSC 2,"ASM-WHEEL, PLAIN, 6"
HOOD-UV TPO BSC 5,"ASM-WHEEL,REAR_XC"
"WASHER-NYLN, BLK, .875 X 1.25 X",WSHR-10.5X24X1
ASM-HEADLIGHT LED,"ARM, WELD MODEL_XC"
HOOD-UV TPO BSC 1,BOLT M8X1
LID-STORAGE,NUT-M6X1
HOOD-UV TPO BSC 3,"STRAP-LIMITER, ASM_XC"
ASM-HEADLIGHT LED,"FRONT PIVOT ARM, ASM"
STUD-1/4 TURN 6MMX16MM,"ROLLER-SPRING, TRI-ADJ, (LH SHOWN)"
ASM-HEADLIGHT LED,"WHEEL-LWT, ASM"
Polaris® MessageCenter (MC) Gauge,RIVET-3/16-.214-
HOOD-UV TPO BSC 4,MOUNT-UPPER MACH
"RETAINER-1/4 TURN 6MM,STEEL",RIVET-3/16-.090-
"SWITCH-KEY,3 POS,MT SLV",TUBE-FOOTREST LH
"RIVET-TUFLOK,.315-.325X",TUBE-FOOTREST RH
COVER-THERMOSTAT M6 BLEED MACH,MOUNT-LOWER REAR MACH LH
WSHR-0.5625X1.1X0,SCR-TXTH-M6X1.0X15 8
"SPARK PLUG-NGK, BPR 9ES",TUBE-FRAME REAR RH
"COVER-MACH,TAPERED,CAPTIVATING",TUBE-FRAME REAR LH
"ADAPTOR-THROTTLE BODY,INTSTUFF",MOUNT-LOWER REAR MACH RH
"HEAD-CYL,85 CH BYPASS,HBV","CLOSEOFF-REAR TUNNEL, ASM"
"ASM-SHEAVE STATIONARY, ES, BT",TUBE-CROSSOVER EXTRUDED
"RECOIL,600/800",TUNNEL 137 PROG BSC
GEAR-STARTER-RING CLUTCH HCR,ASM-SUPPORT RUNNING BOARD 137
WELD-MANIFOLD 800,MOUNT-STEERING LOWER MACH
ENGINE CONTROL UNIT SOFTWARE,MOUNT-ENGINE FRT BASE MACH
"CRANKCASE,800 AS",ASM-COOLER BULKHEAD
"FUEL RAIL,AS",FLOOR-BULKHEAD
CAPLUG-#17 TAPERED 1.447-1,MOUNT-ENGINE REAR BASE MACH
"ASM-THROTTLE BODY,48MM,16","ASM-BRACE LOWER, LH"
"ASM-THROTTLE BODY,48MM,16",LYT-17 REAR BUMPER/HITCH/RACK
"REED VALVE,VFORCE",CLIP-MACH LH
"SHEAVE-MOVEABLE MACH, MID",CLOSEOFF-RUNNING BOARD 137 LH
COVER-HEAD 85 TWIN CH BP MACH,CLIP-MACH RH
"SUB,EV COOLANT HOSE",SCR-M8X1.25X25 8
"CYL-85MM,SDI MONOBLOCK, NEW EV",ASM-CHAINCASE INTERMD
"SCR-M14 X 1.5 X 215, HX, 10",CLOSEOFF-RUNNING BOARD 137 RH
CLAMP-VINYL COATED,TUBE-RESONATOR MOUNT
"CAP-PLUG,T-862",NUT-M8X1
"COVER-WP,800,BP,MACH",SCR-M8X1.25X25 8
EXH VALVE BASE,TUBE-BRACE RH
ENGINE CONTROL UNIT,MOUNT-R/T SHOCK MACH 137
CLOSEOFF-NOSEPAN,WELD-TUBE XBRACE FRONT RH
ASM-FENDER RH,WELD-TUBE XBRACE FRONT LH
LABEL 2 POLARIS LH,RIVET-4.8MM DIA-1.5-6
LABEL 1 POLARIS RH,RIVET-3/16-.090-
PANEL-SIDE LH PNTD TPO BSC,WELD-TUBE XBRACE REAR
NOSEPAN-BASIC,--
LABEL 1 POLARIS LH,BUSHING-TIE ROD BOOT
PANEL-SIDE RH PNTD TPO BSC,BASE-TIE ROD BOOT LH
LABEL 2 POLARIS RH,TUBE-FRAME FRONT ALUM
ASM-FENDER LH,SCR-HXFL-M6X1X50 10
HANDLE-RECOIL,TUBE-SHOCK TOWER
CONSOLE-PROG BLK,SPACER-TUBE CAST 27
NUT - FILLER NECK,MOUNT-LOWER FRONT MACH RH
BRKT-RECOIL,SHIM-TUBE CAST 31
2413200 harness sw model,MOUNT-LOWER FRONT MACH LH
2413200 CONNECTORS SW MODEL,---
2413777 harness sw model,arm-tork link
2413777 CONNECTORS SW MODEL,FOOTREST-RH
NOSEPAN-BASIC,RIVET-3/16-.090-
ASM-FENDER LH,SCR-TXTH-M8X1.25X25 8
LABEL 1 POLARIS RH,NUT-M8X1
PANEL-SIDE LH PNTD TPO BSC,TUBE-BRACE LH
LABEL 1 POLARIS LH,BRKT-IDLER
PANEL-SIDE RH PNTD TPO BSC,NUT-CLINCH-M6X1
LABEL 2 POLARIS LH,RIVET-3/16-.090-
LABEL 2 POLARIS RH,FOOTREST-LH
CLOSEOFF-NOSEPAN,--
ASM-FENDER RH,--
BUMPER-FRONT LOWER,MOUNT-ENGINE RUBBER
SCR-HXFL-M6X1.0X25 8,107017_rdk_revk_31mm_flange
BRKT-PIPE/CHASSIS,SCR-M6X1
NUT-M6X1,--
SCR-TXTH-M6X1,BASE-TIE ROD BOOT RH
WELD-BUMPER FRONT,--
INDY ADVENTURE STEERING,BUSHING-TIE ROD BOOT
INDY ADVENTURE SUSPENSION ARMS,107017_rdk_revk_31mm_flange
ASM-SKI PRO STEER BSC,--
ASM-TUBE FRAME REAR,NUT-CLINCH M8X1
ASM-TORQUE LINK FIXED,MOUNT-ENGINE RUBBER
ASM-RUNNINGBOARD 129 LH,--
ASM-CHASSIS 144 CONV VOYGR BSC,--
ASM-BUMPER REAR TP129 ALUM,SPACER-BUSHING
MOUNT-ENGINE FRT BASE MACH,ROD END-M10 STUD
ASM-FRAME TUBULAR FRONT ALUM,NUT-HEX-M12X1
"MOUNT-ENGINE INSERT RAD,MAG",ASM-LCA RH BSC
ASM-TIE ROD BOOT LH,WASHER-FL .406X.812X
R/T SHOCK MOUNT SW,ASM-UCA MOLY LH BSC
ORG HEAT EXCHANGER ASSY,ROD END-M10 STUD
ASM-RUNNINGBOARD 129 RH,SPINDLE-MACH LH
ASM-FOOTREST LH,ROD END-M10 HOUSING
"MOUNT-ENGINE INSERT RAD,PTO",NUT-M10X1
BEARING-FLANGE JACKSHAFT,ROD END-M10X26
ASM-TIE ROD BOOT RH,7044120-spring-rod
ASM-TUBE CROSS UCA AL BONDED,BUSHING-SKI PIVOT
MOUNT1-ENGINE,SCR-HXFL-M8X1.25X55 8
"TUBE-BRACE LH, ASM",ASM-LCA LH BSC
MOUNT2-ENGINE,ROD END-M10 STUD
WELD-TUBE BRACE RH,SPINDLE-MACH RH
"FOOTREST-RH, ASM",BEARING-SPHERICAL UCA 31MM
ASM-FOOTREST SUPPORT RH,NUT-M10X1
MOUNT-ENGINE REAR BASE MACH,BUSHING-15.88X10.13X76
ASM-TUNED PIPE 800 MAIN_SW,SCR-M8X1.25X25 8
ASM-TUNED PIPE 800 MAIN_SW_CAP,SCR-TXTH-M8X1.25X35 8
ASM-RESONATOR AXYS,BUSHING-15.88X10.13X76
RUBBER-MOUNT PIPE,BEARING-SPHERICAL
GASKET-EXHAUST,NUT-M10X1
"MOUNT-ENGINE INSERT RAD,MAG",ASM-SHOCK IFS W/E SHORT
BEARING-FLANGE JACKSHAFT,SCR-M10X1.5X75 10
ASM-FRAME TUBULAR FRONT ALUM,BUSHING-M10X17
ASM-TUBE FRAME REAR,7044120-spring-jam-nut
MOUNT-ENGINE REAR BASE MACH,NUT-HEX-M12X1
ASM-TIE ROD BOOT LH,SPRG-COMP .306X11
ASM-RUNNINGBOARD 129 RH,7044120-spring-clip
ASM-BUMPER REAR TP129 ALUM,ROD-TIE
MOUNT2-ENGINE,NUT-M10X1
ASM-TUBE CROSS UCA AL BONDED,"ASM-TIE ROD, WIDE"
ASM-FOOTREST LH,WASHER-FL .406X.812X
ORG HEAT EXCHANGER ASSY,BUSHING-SKI PIVOT
"MOUNT-ENGINE INSERT RAD,PTO",SCR-M10X1.5X75 10
ASM-TORQUE LINK FIXED,"WASHER-7/16 SAE,STF,THRU HRD-Y"
ASM-TIE ROD BOOT RH,"WASHER-7/16 SAE,STF,THRU HRD-Y"
ASM-CHASSIS 144 CONV VOYGR BSC,SPINDLE LH Quality Check
MOUNT1-ENGINE,BEARING-SPHERICAL
"FOOTREST-RH, ASM",SPACER-SKI SPINDLE
"TUBE-BRACE LH, ASM",SCR-M10X1.5X50 8
MOUNT-ENGINE FRT BASE MACH,ROD END-M10X23 75DEG LH
ASM-FOOTREST SUPPORT RH,ASM-SPINDLE RH
R/T SHOCK MOUNT SW,NUT-M10X1
ASM-RUNNINGBOARD 129 LH,ASM-UCA MOLY RH BSC
WELD-TUBE BRACE RH,7044120-spring-nut
WSHR-6.4X18.0X1,SPACER-SKI SPINDLE
GUARD CLUTCH,SCR-M10X1.5X60-8
REGULATOR-DC LED,SHOCK-IFS WE NEEDLE PIGGY SHRT
ASM-OIL BOTTLE,ROD END-M10 HOUSING
"CAP, OIL TANK",BUSHING-PLASTIC SKI METRIC SERIAL LOW
SCR-TXTH-M6X1,BUSHING-PLASTIC SKI METRIC SERIAL HIGH
NUT-M6X1,CARBIDE NUT KIT
Polaris® MessageCenter (MC) Gauge,"SKAG-CARBIDE 4"" 60° 8MM STUD EARLY"
"SWITCH-KEY,3 POS,MT SLV","SKAG-CARBIDE 4"" 60° 8MM STUD LATE"
HOOD-UV TPO BSC 2,"TOE-PLASTIC, SKI"
HOOD-UV TPO BSC 1,SKI KIT
LID-STORAGE,TOE-PLASTIC KIT
"WASHER-NYLN, BLK, .875 X 1.25 X",STOP-SKI RUBBER SOFT
"RETAINER-1/4 TURN 6MM,STEEL",SKI-PLASTIC PRO STEER BSC
STUD-1/4 TURN 6MMX16MM,STOP-SKI RUBBER HARD
HOOD-UV TPO BSC 5,RET
HOOD-UV TPO BSC 3,BUSHING-STEERING POST LOWER
ASM-HEADLIGHT LED,ASM-SWITCH AUX SHUTOFF STD MNT
ASM-HEADLIGHT LED,BAR-HANDLE INTEG HOOKS AL
ASM-HEADLIGHT LED,ASM-HANDLEBAR AL
HOOD-UV TPO BSC 4,NUT-HEX M10X1.5 8
"RIVET-TUFLOK,.315-.325X",HAND BRAKE MASTER CYLINDER MAIN
SPROCKET-37T 3/4W 15T SPL PM LW,ASM-RACK LINK
SCR-HXFL-M6X1.0X16 8,BUSHING-STEERING POST UPPER
SLEEVE-CHAINCASE,PIN-RETAINING .186X1
BUSHING-1.00X1,SEAL-STEERING BUSHING
O-RING 20.30MMX2,MASTER CYLINDER MACH_2
"CASE,DRIVETRAIN SHAFT","CAPLUG-TAPERED,#T-4X"
WASHER-.813 X .406 X,ASM-CONTROL LH
"WASHER-FLAT, 3/8 TYPE B (W)-SS",ASM-CONTROL LH
SPACER-CLUTCH TEAM METRIC,SCR-SH-SET-M8X1.25X8 8
SCR-HXFL-M10X1,ASM-STEERING POST UPPER
--,NUT-M8X1
SLEEVE-CHAMFERLESS,MASTER CYLINDER CONNECTOR
"SPROCKET-23T, 3/4W, 15 SPL, HV, PM",LEVER-THROTTLE 35
"ASM-DRVN CLTCH,TEAM,BSC,LWTSPL",WASHER-.189X.314X
"DRIVETRAIN SHAFT,BRAKING",BLOCK-THROTTLE LOWER
"PLUG-MAGNETIC,M14X1",SWITCH-AUX SHUT-OFF DC-SDI
SCR-HXFL-M10X1.25X25 8,COVER-CONTROL LH
ASM-BRAKE CALIPER AIR SNO LR20,BLOCK-HANDLEBAR RISER 89MM
SENSOR-SPEED PICKUP LG,MASTER CYLINDER LEVER
ASM-DRVSHAFT TUB SMOOTH 2S-8T,MNT-AUX SHUT-OFF LOWER
WASHER-FL .406X.812X,COVER-THROTTLE
WSHR-1.00 X 1.250 X,MASTER CYL RESERVOIR
DISC-BRAKE,PISTON CAP
ASM-CHAINCASE INTERMD,"WASHER-3/8, FW SAE STL THRU-HRD"
WASHER-.406X1.25X,MASTER CYLINDR ASY
SCR-M10X1.25X20 8,NUT-M8X1
WASHER-SPRING .406X1.25X,ASM-THROTTLE CNTRL 35
GASKET-CHAINCASE COVER,BLOCK-THROTTLE UPPER
REAR BUMPER/RACK LAYOUTS,MNT-AUX SHUT-OFF UPPER
PRO-CC REAR SUSPENSION,MASTER CYLINDER RESERVOIR CAP
ASM-BRKT IDLER TOP,SCR-#10X1/2-HI/LO-TRX-Y
MOUNT-ENGINE INSERT RAD PTO,SCR-6X3/8 PH TR HD GR5-Y
ASM-TIE ROD BOOT RH,GRIP-HANDLEBAR BSC
ASM-TIE ROD BOOT LH,WASHER-FL 8.4X16.0X
ASM-CHASSIS 137 PROG BSC,COVER-HANDLEBAR
ASM-TORQUE LINK FIXED,ASM-PITMAN
BEARING-FLANGE JACKSHAFT,"SPACER-BUSHING, LONG"
MOUNT-ENGINE,ASM-LEVER HTR HI/LO 35
ASM-FOOTREST LH,WELD-STEERING POST UPPER
"FOOTREST-RH, ASM",SWITCH-THROTTLE
WELD-TUBE BRACE RH,ASM-DRAGLINK FIXED SW
ASM-TUBE FRAME REAR,IDLER
MOUNT-ENGINE PTO FRONT,LOCTITE 767-64 ANTI SEIZE
"TUBE-BRACE LH, ASM",SCR-HXFL-M8X1.25X65 8
ASM-FRAME TUBULAR FRONT ALUM,STRAP-STEERING
ASM-R/T SHOCK MOUNT 137,"HAND GUARD, SNO, LH"
MOUNT-ENGINE INSERT RAD MAG,"HAND GUARD, SNO, LH"
WSHR-.275X.84X,"MOUNT, SNO HAND GRD, LH"
FUEL PIPELINE 2,"MOUNT, SNO HAND GRD, LH"
FUEL PIPELINE 1,"MOUNT, SNO HAND GRD, CAP"
ASM-SEAT BLK/WHITE/RED,"MOUNT, SNO HAND GRD, CAP"
SCR-TXPH-M6X1,"HAND GUARD, SNO, LH"
FUEL CAP,"HAND GUARD, SNO, LH"
NUT-PFA,"MOUNT, SNO HAND GRD, LH"
STUD-M6X1.0X25 8,"MOUNT, SNO HAND GRD, LH"
FUEL TANK BODY,"MOUNT, SNO HAND GRD, CAP"
BRKT-SEAT MOUNT REAR - RED PC,"MOUNT, SNO HAND GRD, CAP"
SCR-HXFL-M6X1.0X20 8,AIR-SILENCER LOWER
NUT-M6X1,--
"RIVET-TUFLOK,.315-.325X",AIR SILENCER-UPPER
SCR-SHLDR-TXTH M5X0,FOAM-INTAKE LOWER
LATCH-1/4 TURN,PLATE-ADAPTOR
WASHER-.510X.840X,PLUG-DRAIN
GROMMET-LATCH,INTAKE CASE 2
RVT-3/16(.251-,INTAKE CASE 1
HOSE COOLER/ENG WATERPUMP,INTAKE CASE 3
"HOSE, BOTTLE/ENGINE",INTAKE CASE 4
HOSE ENG/COOLER,K-PASS SEAT AND SUPPORT TP/CO
SPRINGBAND-CLAMP 26/12,gauge_pcb_board_assy_2
HOSE-TBODY/COOLANT BOTTLE,GASKET-DIGITAL GAUGE
HOSE ENG/CLOSEOFF,Gauge Panel
WELD-COOLANT BOTTLE,ribbon_cable
"SPRINGBAND-CLAMP 32/12, BROWN OR SILVER",BEZEL-GAUGE CPI B1
HOSE-SUPPORT,self_tapping_screw_m3x6
"CLAMP-HOSE, 9/16, SPRING-B","SOFTWARE-CPIB1SNO,UNP"
"CLAMP-HOSE, 1",DEFLECTOR-SNOW EXHAUST
CAP-PRESSURE,FENDER-RH
"FOAM-COOLING HOSE 5/8""",PLUG-CLUTCH HOLE
HOSE-SUPPORT BYPASS,RVT-3/16(.251-
SPRINGBAND-CLAMP 24/12,WASHER-.20 X .67 X
"SPRINGBAND-CLAMP 29/12,BLK","BOOT-EXHAUST, OUTLET"
"SPRINGBAND-CLAMP 35/12,BLK",STRAP-RUBBER 57MM
HOSE-BOTTLE/TUNNEL OUT,PLUG-CLUTCH HOLE
"BAR-MOUNTAIN, BASIC",FENDER-LH
PRO-XC REAR SUSPENSION,STRAP-RUBBER 57MM
ASM-TUBE FRAME REAR,PLUG-CLUTCH HOLE
ASM-CHASSIS 137 PROG BSC,FENDER-LH
WELD-TUBE BRACE RH,STRAP-RUBBER 57MM
ASM-R/T SHOCK MOUNT 137,DEFLECTOR-SNOW EXHAUST
ASM-TIE ROD BOOT LH,FENDER-RH
ASM-FRAME TUBULAR FRONT ALUM,PLUG-CLUTCH HOLE
ASM-TORQUE LINK FIXED,RVT-3/16(.251-
"FOOTREST-RH, ASM",WASHER-.20 X .67 X
"TUBE-BRACE LH, ASM","BOOT-EXHAUST, OUTLET"
ASM-BRKT IDLER TOP,STRAP-RUBBER 57MM
BEARING-FLANGE JACKSHAFT,"INSERT-AVK,AK,M6X1.00,4"
ASM-FOOTREST LH,TUBE-UPPER FRONT BUMPER
MOUNT-ENGINE INSERT RAD MAG,BRACE-FRONT BUMPER
MOUNT-ENGINE,MASTER CYLINDER LEVER
ASM-TIE ROD BOOT RH,COVER-THROTTLE
MOUNT-ENGINE PTO FRONT,RET
MOUNT-ENGINE INSERT RAD PTO,IDLER
SWITCHBACK ASSAULT SUSPENSION ARMS,STOP-STEERING POST
ASM-SKI PRO STEER BSC,MASTER CYL RESERVOIR
SWITCHBACK ASSAULT STEERING,GRIP-HANDLEBAR BSC
ENGINE CONTROL UNIT SOFTWARE,ASM-CONTROL LH
EXH VALVE BASE,LEVER-THROTTLE 35
"SUB,EV COOLANT HOSE",ASM-PITMAN
WSHR-0.5625X1.1X0,SCR-HXFL-M8X1.25X65 8
"ADAPTOR-THROTTLE BODY,INTSTUFF",SCR-HXFL-M8X1.25X55 8
CAPLUG-#17 TAPERED 1.447-1,ASM-DRAGLINK FIXED BALL
"RECOIL,600/800",MASTER CYLINDER RESERVOIR CAP
GEAR-STARTER-RING CLUTCH HCR,TUBE-MOUNT
"HEAD-CYL,85 CH BYPASS,HBV","WASHER-3/8, FW SAE STL THRU-HRD"
WELD-MANIFOLD 800,PISTON CAP
"CRANKCASE,800 AS",COVER-CONTROL LH
"COVER-MACH,TAPERED,CAPTIVATING",MASTER CYLINDER MACH_2
"SHEAVE-MOVEABLE MACH, MID",ASM-DRAGLINK FIXED BS
"SCR-M14 X 1.5 X 215, HX, 10",SWITCH-THROTTLE
"ASM-THROTTLE BODY,48MM,16",BLOCK-THROTTLE UPPER
"CYL-85MM,SDI MONOBLOCK, NEW EV","WASHER-3/8, FW SAE STL THRU-HRD"
"CAP-PLUG,T-862",SEAL-STEERING BUSHING
ENGINE CONTROL UNIT,SCR-6X3/8 PH TR HD GR5-Y
"ASM-THROTTLE BODY,48MM,16",LOCTITE 767-64 ANTI SEIZE
"FUEL RAIL,AS",ASM-THROTTLE CNTRL 35
COVER-HEAD 85 TWIN CH BP MACH,MNT-AUX SHUT-OFF LOWER
CLAMP-VINYL COATED,HAND BRAKE MASTER CYLINDER MAIN
COVER-THERMOSTAT M6 BLEED MACH,MOUNT-BUSHING STEERING
"ASM-SHEAVE STATIONARY, ES, BT",STRAP-STEERING
"COVER-WP,800,BP,MACH",NUT-HEX M10X1.5 8
"REED VALVE,VFORCE",ASM-HANDLEBAR AL
"SPARK PLUG-NGK, BPR 9ES",SCR-SH-SET-M8X1.25X8 8
"ASM-THROTTLE BODY,48MM,16",MASTER CYLINDR ASY
"SPARK PLUG-NGK, BPR 9ES",CLAMP-HANDLEBAR RETAINER
"HEAD-CYL,85 CH BYPASS,HBV",ARM-STEERING POST
CAPLUG-#17 TAPERED 1.447-1,MASTER CYLINDER CONNECTOR
ENGINE CONTROL UNIT SOFTWARE,"CAPLUG-TAPERED,#T-4X"
"SUB,EV COOLANT HOSE",NUT-M8X1
"COVER-MACH,TAPERED,CAPTIVATING",SCR-HH M8X1.25X45 8
CLAMP-VINYL COATED,WASHER-.189X.314X
"ADAPTOR-THROTTLE BODY,INTSTUFF",ASM-SWITCH AUX SHUTOFF STD MNT
"ASM-SHEAVE STATIONARY, ES, BT",BLOCK-THROTTLE LOWER
"ASM-THROTTLE BODY,48MM,16",POST-STEERING
"REED VALVE,VFORCE",NUT-M8X1
"SHEAVE-MOVEABLE MACH, MID",ASM-CONTROL LH
WSHR-0.5625X1.1X0,"SPACER-BUSHING, LONG"
"CRANKCASE,800 AS",WASHER-.344X.688X
"CAP-PLUG,T-862",SPACER-BUSHING
"COVER-WP,800,BP,MACH",BRKT-STEERING TUBE
"RECOIL,600/800",BUSHING-STEERING POST UPPER
COVER-HEAD 85 TWIN CH BP MACH,ASM-LEVER HTR HI/LO 35
GEAR-STARTER-RING CLUTCH HCR,PIN-RETAINING .186X1
ENGINE CONTROL UNIT,ASM-DRAGLINK FIXED HSG
"CYL-85MM,SDI MONOBLOCK, NEW EV",SWITCH-AUX SHUT-OFF DC-SDI
EXH VALVE BASE,COVER-HANDLEBAR
"SCR-M14 X 1.5 X 215, HX, 10",ASM-DRAGLINK FIXED
WELD-MANIFOLD 800,MNT-AUX SHUT-OFF UPPER
COVER-THERMOSTAT M6 BLEED MACH,"BLOCK-HB RISER,60MM,RMK,MET"
"FUEL RAIL,AS",STOP-STEERING POST
SNO HAND GUARD ASM,"TUBE-INNERSTRG,21.34X23"
SNO HAND GUARD ASM,WELD-STEERING POST
"COVER-MACH,TAPERED,CAPTIVATING",BAR-HANDLE INTEG HOOKS AL
WSHR-0.5625X1.1X0,ASM-RACK LINK
CAPLUG-#17 TAPERED 1.447-1,BUSHING-STEERING POST LOWER
ENGINE CONTROL UNIT,SCR-#10X1/2-HI/LO-TRX-Y
"CYL-85MM,SDI MONOBLOCK, NEW EV",ASM-DRAGLINK FIXED RACE
"HEAD-CYL,85 CH BYPASS,HBV",NUT-M10X1
CLAMP-VINYL COATED,ROD-TIE
"ASM-THROTTLE BODY,48MM,16",NUT-HEX M10X1.5 8
"ASM-THROTTLE BODY,48MM,16","ASM-TIE ROD, WIDE"
"ASM-SHEAVE STATIONARY, ES, BT",ROD END-M10 STUD
COVER-THERMOSTAT M6 BLEED MACH,"WELD-LCA,RH RMK"
"FUEL RAIL,AS","ASM-SPINDLE,LH METRIC,RMK BJ"
"REED VALVE,VFORCE",7044120-spring-rod
ENGINE CONTROL UNIT SOFTWARE,SPRG-COMP .306X11
WELD-MANIFOLD 800,BUSHING-15.88X10.13X76
GEAR-STARTER-RING CLUTCH HCR,NUT-M10X1
"SCR-M14 X 1.5 X 215, HX, 10",BUSHING-SKI PIVOT
"SHEAVE-MOVEABLE MACH, MID",SCR-M10X1.5X75 10
"SPARK PLUG-NGK, BPR 9ES",WELD-UCA RMK LH
"CAP-PLUG,T-862",SCR-M10X1.5X75 10
"RECOIL,600/800",WASHER-FL .406X.812X
COVER-HEAD 85 TWIN CH BP MACH,ROD END-M10 HOUSING
"COVER-WP,800,BP,MACH",ROD END-M10X23 75DEG LH
"ADAPTOR-THROTTLE BODY,INTSTUFF","SPINDLE-MACH,RH METRIC,BJRMK"
EV HOUSING SW Model,ROD END-M10 HOUSING
"CRANKCASE,800 AS",NUT-M10X1
CLIP-1/4 TURN 6MM,SHOCK-IFS WE NEEDLE PIGGY SHRT
SCR-TXTH-M6X1,SCR-M10X1.5X50 8
BRKT-PLENUM SUPPORT,WELD-UCA RMK RH
SCR-M6X1,SCR-M10X1.5X60-8
"CLIP-""U"",M6.0X1",BUSHING-M10X17
RIVET-3/16 X,SCR-SH-M10X1.5X45 12
"SCR-10X5/8-HI/LO,PN-T25,TRX-M","SPINDLE-MACH,LH METRIC,BJRMK"
"RIVET-TUFLOK,.315-.325X",7044120-spring-clip
"SCR-TX TRUSS-#14X3/4, HI/LO B",NUT-HEX M10X1.5 8
PLENUM-LOWER,7044120-spring-jam-nut
ASM-SILENCER W/COILS,BUSHING-SKI PIVOT
ASM-TUBE INTAKE,"WELD-LCA,LH RMK"
PLENUM-UPPER,ASM-SHOCK IFS W/E SHORT
K-PASS SEAT AND SUPPORT TP/CO,ROD END-M10 STUD
HOOD-UV TPO BSC 2,WASHER-FL .406X.812X
HOOD-UV TPO BSC 5,7044120-spring-nut
"WASHER-NYLN, BLK, .875 X 1.25 X",NUT-M10X1
ASM-HEADLIGHT LED,ROD END-M10X26
HOOD-UV TPO BSC 1,NUT-M10X1
LID-STORAGE,"ASM-SPINDLE,RH METRIC,RMK BJ"
HOOD-UV TPO BSC 3,SCR-SH-M10X1.5X45 12
ASM-HEADLIGHT LED,BUSHING-15.88X10.13X76
STUD-1/4 TURN 6MMX16MM,BUSHING-PLASTIC SKI METRIC SERIAL LOW
ASM-HEADLIGHT LED,BUSHING-PLASTIC SKI METRIC SERIAL HIGH
Polaris® MessageCenter (MC) Gauge,CARBIDE NUT KIT
HOOD-UV TPO BSC 4,"SKAG-CARBIDE 4"" 60° 8MM STUD EARLY"
"RETAINER-1/4 TURN 6MM,STEEL","SKAG-CARBIDE 4"" 60° 8MM STUD LATE"
"SWITCH-KEY,3 POS,MT SLV","TOE-PLASTIC, SKI"
"RIVET-TUFLOK,.315-.325X",SKI KIT
COVER-THERMOSTAT M6 BLEED MACH,TOE-PLASTIC KIT
WSHR-0.5625X1.1X0,STOP-SKI RUBBER SOFT
"SPARK PLUG-NGK, BPR 9ES",SKI-PLASTIC PRO STEER BSC
"COVER-MACH,TAPERED,CAPTIVATING",STOP-SKI RUBBER HARD
"ADAPTOR-THROTTLE BODY,INTSTUFF",RIVET-3/16-.214-
"HEAD-CYL,85 CH BYPASS,HBV",MOUNT-UPPER MACH
"ASM-SHEAVE STATIONARY, ES, BT",RIVET-3/16-.090-
"RECOIL,600/800",TUBE-FOOTREST LH
GEAR-STARTER-RING CLUTCH HCR,TUBE-FOOTREST RH
WELD-MANIFOLD 800,MOUNT-LOWER REAR MACH LH
ENGINE CONTROL UNIT SOFTWARE,SCR-TXTH-M6X1.0X15 8
"CRANKCASE,800 AS",TUBE-FRAME REAR RH
"FUEL RAIL,AS",TUBE-FRAME REAR LH
CAPLUG-#17 TAPERED 1.447-1,MOUNT-LOWER REAR MACH RH
"ASM-THROTTLE BODY,48MM,16",---
"ASM-THROTTLE BODY,48MM,16",arm-tork link
"REED VALVE,VFORCE",SUPPORT-RUNNINGBOARD REAR LH
"SHEAVE-MOVEABLE MACH, MID",RUNNINGBOARD-129 LH MACH
COVER-HEAD 85 TWIN CH BP MACH,CLIP-MACH RH
"SUB,EV COOLANT HOSE",M6X1.0X30 CARRIAGE CL8
"CYL-85MM,SDI MONOBLOCK, NEW EV","ASM-BRACE LOWER, LH"
"SCR-M14 X 1.5 X 215, HX, 10",SPACER-RUNNINGBOARD REAR LH
CLAMP-VINYL COATED,SPACER-RUNNINGBOARD REAR RH
"CAP-PLUG,T-862",FLOOR-BULKHEAD
"COVER-WP,800,BP,MACH",CHASSIS 144 CONV VOYGR BSC
EXH VALVE BASE,COVER-TAILLIGHT
ENGINE CONTROL UNIT,CLIP-MACH LH
CLOSEOFF-NOSEPAN,WSHR-6.4X18.0X1
ASM-FENDER RH,DECAL-REFLECTOR RED LH
LABEL 2 POLARIS LH,ASM-CHAINCASE INTERMD
LABEL 1 POLARIS RH,NUT-HXFL-M6X1
PANEL-SIDE LH PNTD TPO BSC,COVER-TAILLIGHT HARNESS 129
NOSEPAN-BASIC,MOUNT-STEERING LOWER MACH
LABEL 1 POLARIS LH,FLAP-SNOW
PANEL-SIDE RH PNTD TPO BSC,TUBE-BUMPER ALUM
LABEL 2 POLARIS RH,"NUT-RIVNUT,HEX,M6X1"
ASM-FENDER LH,SCR-TXTH-M6X1
HANDLE-RECOIL,TUBE-FRAME FRONT ALUM
CONSOLE-PROG BLK,SCR-HXFL-M6X1X50 10
NUT - FILLER NECK,TUBE-SHOCK TOWER
BRKT-RECOIL,SPACER-TUBE CAST 27
2413200 harness sw model,MOUNT-LOWER FRONT MACH RH
2413200 CONNECTORS SW MODEL,SHIM-TUBE CAST 31
2413777 harness sw model,MOUNT-LOWER FRONT MACH LH
2413777 CONNECTORS SW MODEL,--
NOSEPAN-BASIC,--
ASM-FENDER LH,--
LABEL 1 POLARIS RH,BUSHING-TIE ROD BOOT
PANEL-SIDE LH PNTD TPO BSC,BASE-TIE ROD BOOT LH
LABEL 1 POLARIS LH,NUT-CLINCH M8X1
PANEL-SIDE RH PNTD TPO BSC,BRKT-SUPPORT OIL PUMP
LABEL 2 POLARIS LH,PLUG-COOLER CENTER LEFT
LABEL 2 POLARIS RH,FITTING-COOLER STRAIGHT
CLOSEOFF-NOSEPAN,PLUG-COOLER TOP LEFT
ASM-FENDER RH,CAP-COOLER MACH LH
BUMPER-FRONT LOWER,"FITTING-COOLER,90 DEG,15"
SCR-HXFL-M6X1.0X25 8,ORG HEAT EXCHANGER
BRKT-PIPE/CHASSIS,PLUG-COOLER CENTER RIGHT
NUT-M6X1,CAP-COOLER CAST RH
SCR-TXTH-M6X1,SUPPORT-RUNNINGBOARD REAR RH
WELD-BUMPER FRONT,129 RUNNINGBOARD-RH MACH
INDY ADVENTURE STEERING,RIVET-3/16-.090-
INDY ADVENTURE SUSPENSION ARMS,FOOTREST-LH
ASM-SKI PRO STEER BSC,--
ASM-TUBE FRAME REAR,--
ASM-TORQUE LINK FIXED,BASE-TIE ROD BOOT RH
ASM-RUNNINGBOARD 129 LH,--
ASM-CHASSIS 144 CONV VOYGR BSC,BUSHING-TIE ROD BOOT
ASM-BUMPER REAR TP129 ALUM,CAP-TUBE CROSS UCA
MOUNT-ENGINE FRT BASE MACH,TUBE-UCA ALUM
ASM-FRAME TUBULAR FRONT ALUM,SCR-TXTH-M8X1.25X25 8
"MOUNT-ENGINE INSERT RAD,MAG",NUT-M8X1
ASM-TIE ROD BOOT LH,TUBE-BRACE LH
R/T SHOCK MOUNT SW,TUBE-RESONATOR MOUNT
ORG HEAT EXCHANGER ASSY,NUT-M8X1
ASM-RUNNINGBOARD 129 RH,SCR-M8X1.25X25 8
ASM-FOOTREST LH,TUBE-BRACE RH
"MOUNT-ENGINE INSERT RAD,PTO",FOOTREST-RH
BEARING-FLANGE JACKSHAFT,RIVET-3/16-.090-
ASM-TIE ROD BOOT RH,SUPPORT-FOOTREST RH
"SCR-1/4-20X1/2 TFM,HW-M",SLEEVE-TORQUE STOP
SHIELD-HEAT RESONATOR,BRACE-LOWER LH MACH
RESONATOR AXYS PART 1,CHAINCASE-MACH
RESONATOR AXYS PART 3,SEAL-OIL
WASHER-.28X.81X,"BEARING-BALL, 6205 LLB"
--,Connector SD/MMC
--,IC REG LDO CAP FREE 8-SON
TUBE-FRAME FRONT ALUM,CAP_TANT_100UF_6.3V
SCR-HXFL-M6X1X50 10,CAP CER 10UF 10V
TUBE-SHOCK TOWER,"CONN HEADER FEM 10POS .1"" DL TIN"
SPACER-TUBE CAST 27,CONNECTOR USB TYPE A
MOUNT-LOWER FRONT MACH RH,XTAL 32.768kHz
SHIM-TUBE CAST 31,Capacitor 1uF 10V Ceramic 10%
MOUNT-LOWER FRONT MACH LH,Gauge PCB Board
RIVET-3/16-.214-,CRYSTAL 24MHZ 18PF
MOUNT-UPPER MACH,Capacitor 0.01uF 16V
RIVET-3/16-.090-,IC USB HS DUAL UART/FIFO 64-LQFP
TUBE-FOOTREST LH,CAP 18PF 50V C0G 5%
TUBE-FOOTREST RH,SWITCH TACT SPST W/GND SMD
MOUNT-LOWER REAR MACH LH,IC EEPROM 32KBIT 400KHZ SOT23-6
SCR-TXTH-M6X1.0X15 8,conn_16pin
TUBE-FRAME REAR RH,Integrated Power Management Unit
TUBE-FRAME REAR LH,Low-Power Dual 2-Input Positive-AND Gate
MOUNT-LOWER REAR MACH RH,Resistor 100Kohm 1/16W 1%
--,Ferrite Bead 150 Ohm 800mA
BUSHING-TIE ROD BOOT,RES .10 OHM 1/8W 5%
BASE-TIE ROD BOOT LH,TXRX ETHERNET 10/100 RMII
SUPPORT-RUNNINGBOARD REAR RH,IC 4CH ESD SOLUTION W/CLAMP 6SON
129 RUNNINGBOARD-RH MACH,Crystal 25MHz
FLAP-SNOW,TRANS NPN/NPN W/RES 50V SMINI6
TUBE-BUMPER ALUM,AM335x ARM Cortex-A8
"NUT-RIVNUT,HEX,M6X1",RJ-45 10/100 W/Magnetics
SCR-TXTH-M6X1,Expansion Header
CAP-TUBE CROSS UCA,pcb button
TUBE-UCA ALUM,"Inductor 2.2uH smt 2.6A, 58 mOhm"
RIVET-3/16-.090-,DDR2 RAM 256MB(128Mx16)x1 400MHz
FOOTREST-LH,CONN POWER JACK 2.1MM
NUT-CLINCH M8X1,IC USB 2.0 HS HUB CTRLR
BRKT-SUPPORT OIL PUMP,1.5A PWR DIST SWITCH
PLUG-COOLER CENTER LEFT,Standard LED - SMD Green Clear 569nm
FITTING-COOLER STRAIGHT,USB_mini A/B
PLUG-COOLER TOP LEFT,CAP 22PF 5% 100V
CAP-COOLER MACH LH,IC EEPROM 2KBIT 2MHZ SOT23-6
"FITTING-COOLER,90 DEG,15",IC BUFF/DVR DL NON-INV
ORG HEAT EXCHANGER,IC CTLR OVP 28V W/NMOS 6-DFN
PLUG-COOLER CENTER RIGHT,"Icon, Low Battery Voltage"
CAP-COOLER CAST RH,"Icon, Reverse"
--,"Gauge Panel, Back Cover"
--,"Icon, Low Oil"
---,"Icon, Parking Brake"
arm-tork link,Mode Button
BASE-TIE ROD BOOT RH,"Icon, Low Fuel"
--,"Icon, Security"
BUSHING-TIE ROD BOOT,Gauge Screen
CLIP-MACH RH,"Icon, Check Engine"
M6X1.0X30 CARRIAGE CL8,Center Button
"ASM-BRACE LOWER, LH","Icon, Engine Hot"
SPACER-RUNNINGBOARD REAR LH,"Icon, High Beam"
SPACER-RUNNINGBOARD REAR RH,Set Button
FLOOR-BULKHEAD,"Gauge Panel, Front Cover"
CHASSIS 144 CONV VOYGR BSC,"Icon, Playback"
COVER-TAILLIGHT,NUT-HXFL-M6X1
CLIP-MACH LH,SCR-HXFL-M8X1.25X20 8
WSHR-6.4X18.0X1,ASM-CARGO RACK 137
DECAL-REFLECTOR RED LH,SCR-TXTH-M8X1.25X25 8
ASM-CHAINCASE INTERMD,NUT-HXFL-M6X1
NUT-HXFL-M6X1,"ASM-BUMPER,RR,RMK,AL"
COVER-TAILLIGHT HARNESS 129,SCR-TXPH-M6X1.0X25 8
MOUNT-STEERING LOWER MACH,STRAP-RUBBER 70MM
FOOTREST-RH,LID-SADDLEBAG LH
RIVET-3/16-.090-,"BUSHING-RUBBER,LNR ANCHOR"
SCR-TXTH-M8X1.25X25 8,NUT-HXFL-M6X1
NUT-M8X1,SADDLEBAG-LH
TUBE-BRACE LH,RIVET3/16(.063-
SUPPORT-FOOTREST RH,"PIN-DOWEL,5/32""X7/8"", ZPC"
SUPPORT-RUNNINGBOARD REAR LH,BUSHING-L&R ANCHOR SNOW
RUNNINGBOARD-129 LH MACH,"HANDLE-LNR ANCHOR,BLK"
TUBE-RESONATOR MOUNT,SHAFT-L&R ANCHOR SNOW
NUT-M8X1,HINGE-SADDLEBAG
SCR-M8X1.25X25 8,BRKT-BAG SUPPORT LH
TUBE-BRACE RH,"SCR-M6X1.0X20MM,TX,PH,8"
BOTTLE-OIL,SADDLEBAG-RH
FITTING-1/4 STRAIGHT W/FILTER,LID-SADDLEBAG RH
"GROMMET-FLANGED, .36X.56X1",RIVET3/16(.063-
SWITCH-OIL LEVEL NO CONTACT,SHAFT-L&R ANCHOR SNOW
gauge_pcb_board_assy_2,STRAP-RUBBER 70MM
GASKET-DIGITAL GAUGE,NUT-HXFL-M6X1
Gauge Panel,"SCR-M6X1.0X20MM,TX,PH,8"
ribbon_cable,"BUSHING-RUBBER,LNR ANCHOR"
BEZEL-GAUGE CPI B1,"PIN-DOWEL,5/32""X7/8"", ZPC"
self_tapping_screw_m3x6,"HANDLE-LNR ANCHOR,BLK"
"SOFTWARE-CPIB1SNO,UNP",HINGE-SADDLEBAG
"CAP-END,SPLINE,DRIVE SHAFT",BUSHING-L&R ANCHOR SNOW
"CAP-END,DRIVE SHAFT",BRKT-BAG SUPPORT RH
TUBE-DRIVE SHAFT,NUT-M8X1
HOUSING-DRIVESHAFT,SCR-M10X1
"SPROCKET-8T,2",WASHER-.325X1.20X
SCR-TXTH-M8X1.25X15 8,STRAP-LIMITER
"MOUNT,SHAFT GEAR RH",SFT-M10X1.5IDX17.47ODX220
"BEARING-25X52X15,SPH",SCR-M8X1.25X30 8
CHAINCASE-MACH,WSHR-10.5X24X1
SEAL-OIL,WASHER-.344X.688X
"BEARING-BALL, 6205 LLB",BUSHING-CRANK
LYT-17 CARGO RACK,NUT-M8X1
"LYT-17 BUMPER,REAR,RMK,BSC",SHAFT-RTA MOUNT
ASM-SADDLEBAG LH,"SCR-M8X1.25X65-HX/FL-Y,CL 10"
ASM-SADDLEBAG RH,ARM-MACH 83
"STRAP-LIMITER, ASM",SCR-M10X1.5X50 8
SCR-HXFL-M10X1.25X250 10,NUT-HEX M10X1.5 8
"ROLLER-SPRING, TRI-ADJ, (LH SHOWN)",RING-RETAINING
ASM-ARM 83,WHEEL-LWT 5
SHAFT-CROSS RMK,BEARING-.7874 X 1.6535 X
"WHEEL-LWT, ASM",WSHR-M6 OFFSET 2
NUT-M8X1,WHEEL-PLAIN
ASM-WHEEL PLAIN,BEARING-.7874 X 1.6535 X
SHOCK-RTS W/E ASSAULT,WSHR-M6 OFFSET 2
"ASM-WHEEL,REAR",RING-RETAINING
7044562_SPRING_ASSY,SHOCK-RTS W/E ASSAULT
SPACER-.520X.770X1,SHOCK-RTS W/E ASSAULT
WELD-SHOCK PIVOT ARM WT,SHOCK-RTS W/E ASSAULT
"ARM, WELD MODEL",SHAFT-IDLER M10X1
"SPRING-TOR,","SPACER-IDLER,LONG"
SHAFT-CROSS RMK,"ASM-WHEEL,SPOKE,7"
SCR-HXFL-M10X1.5X230 8,WASHER-SPRING .406X1.25X
"ASM-WHEEL, PLAIN, 6",SPACER-IDLER
BOLT M8X1,SCR-M10X1
NUT-M10X1,"BUSHING-MACH,.800X1.125X"
NUT-M10X1,---
SLEEVE-TORSION SPRING,SHOCK-F/T W/E CC
"CONNECTING PLATE, ASM",SHOCK-F/T W/E CC
WELD-H-BRACKET,"SPRING-COMP 90/260# 2"""
"FRONT PIVOT ARM, ASM",ARM-PIVOT SHOCK
BUSHING-M16ODX10,TUBE-REAR PIVOT ARM
WSHR-10.5X24X1,MOUNT-GREASE ZERK
SHAFT-CROSS MACH,"WHEEL-PLAIN, 6"
"REAR PIVOT ARM, WELD",BEARING-6007
--,RING-RETAINING
"SPRING-TOR,",--
--,NUT-M8X1
"ROLLER-SPRING, TRI-ADJ, RH",SCR-HXFL-M8X1.25X85 10
CLIP-PUSH ON,--
--,BRKT-SHAFT SUPPORT
WSHR-1.28 X 1.69 X,SHAFT-SHOCK 43
BRKT-IDLER,TUBE-CROSS FRONT
NUT-CLINCH-M6X1,NUT-M10X1
--,WSHR-M10.5X25X2
--,SCR-HXFL-M10X1.25X250 10
BASE-TIE ROD BOOT RH,TUBE-CROSS REAR
--,"WASHER-3/8, FW SAE STL THRU-HRD"
BUSHING-TIE ROD BOOT,SCR-HXFL-M10X1.5X40 10
--,ARM-SHOCK MNT
BUSHING-TIE ROD BOOT,NUT-M10X1
BASE-TIE ROD BOOT LH,SCR-M10X1.5X65 8
"CLOSEOFF-REAR TUNNEL, ASM",SHAFT-H-BRKT CC AL
TUBE-CROSSOVER EXTRUDED,WSHR-10.5X24X1
TUNNEL 137 PROG BSC,NUT-M10X1
ASM-SUPPORT RUNNING BOARD 137,SHAFT-PIVOT
MOUNT-STEERING LOWER MACH,WSHR-10.4X28.58X2
MOUNT-ENGINE FRT BASE MACH,NUT-HEX M10X1.5 8
ASM-COOLER BULKHEAD,SCR-M10X1.5X75 10
FLOOR-BULKHEAD,SCR-M10X1.5X50 8
MOUNT-ENGINE REAR BASE MACH,WSHR-10.5X24X1
"ASM-BRACE LOWER, LH",BUSHING-M10X17
LYT-17 REAR BUMPER/HITCH/RACK,SCR-HXFL-M10X1.25X75 10
CLIP-MACH LH,SHAFT-PIVOT LWT LOWER
CLOSEOFF-RUNNING BOARD 137 LH,NUT-HEX M10X1
CLIP-MACH RH,"FRONT PIVOT ARM, WELD"
SCR-M8X1.25X25 8,SCR-HXFL-M6X1.0X70 10
ASM-CHAINCASE INTERMD,"BUMPER-FRT TORQ ARM,XTRA 12"
CLOSEOFF-RUNNING BOARD 137 RH,NUT-HEX-M10X1
---,NUT-HEX M10X1.5 8
arm-tork link,"PIN-HITCH, 3/32-Y"
MOUNT-ENGINE RUBBER,"SCR-TXTH-M6X1.0X30,8"
107017_rdk_revk_31mm_flange,GUIDE-SPRING SQUARE
SCR-M6X1,NUT-M6X1
--,SHAFT-SPRING ROLLER M8
RIVET-3/16-.090-,BUMPER-JOUNCE FTA TAPERED
FOOTREST-LH,PIN-CLEVIS 3/16X1 1/4
FOOTREST-RH,BUMPER-PIVOT ARM
RIVET-3/16-.090-,BLOCK-WHEEL MOUNT
TUBE-RESONATOR MOUNT,SPACER-17.46 OD X 10
NUT-M8X1,MOUNT-BUMPER METRIC
SCR-M8X1.25X25 8,HI-FAX-PROG 120 BASIC
TUBE-BRACE RH,--
RIVET-3/16-.214-,SCR-SH-M10X1.5X30 8
MOUNT-UPPER MACH,"SCR-HX-M10X1.5X100,8"
RIVET-3/16-.090-,SCR-M8X1.25X25 8
TUBE-FOOTREST LH,SCR-HH-M6X1.0X25 8
TUBE-FOOTREST RH,CAP-RAIL TIP
MOUNT-LOWER REAR MACH LH,SCR-M10X1
SCR-TXTH-M6X1.0X15 8,WSHR-6.4X18.0X1
TUBE-FRAME REAR RH,BLOCK-WHEEL MOUNT
TUBE-FRAME REAR LH,"SCR-TXTH-M6X1.0X30,8"
MOUNT-LOWER REAR MACH RH,--
107017_rdk_revk_31mm_flange,"BUMPER-JOUNCE,FRONT"
--,HI-FAX-PROG 120 BASIC
NUT-CLINCH M8X1,SCR-M8X1.25X25 8
MOUNT-ENGINE RUBBER,SHAFT-SPRING ROLLER M8
SCR-TXTH-M8X1.25X25 8,WSHR-6.4X18.0X1
NUT-M8X1,SCR-10-24X1
TUBE-BRACE LH,WSHR-FL #10 .203X.438X
TUBE-FRAME FRONT ALUM,NUT-M6X1
SCR-HXFL-M6X1X50 10,NUT- NYLOC 10-24 Y
TUBE-SHOCK TOWER,SCR-HH-M6X1.0X25 8
SPACER-TUBE CAST 27,"SCR-HX-M10X1.5X100,8"
MOUNT-LOWER FRONT MACH RH,NUT-HEX M10X1.5 8
SHIM-TUBE CAST 31,MOUNT-BUMPER METRIC
MOUNT-LOWER FRONT MACH LH,CAP-RAIL TIP
MOUNT-R/T SHOCK MACH 137,SPACER-17.46 OD X 10
WELD-TUBE XBRACE FRONT RH,"BUMPER-FRT TORQ ARM,XTRA 12"
WELD-TUBE XBRACE FRONT LH,SCR-M10X1
RIVET-4.8MM DIA-1.5-6,BUMPER-PIVOT ARM
RIVET-3/16-.090-,GUIDE-SPRING SQUARE
WELD-TUBE XBRACE REAR,SCR-SH-M10X1.5X30 8
--,NUT-HEX-M10X1
--,SCR-HXFL-M6X1.0X70 10
BASE-SEAT,CLOSEOFF-REAR TUNNEL
BUN-SEAT,BRACE-SUPPORT REAR RH MACH
BOTTLE-LOWER COOLANT,BRACE-SUPPORT REAR LH MACH
BOTTLE-UPPER COOLANT,SCR-SH-M10X1
"CLAMP-STEERING HOOP,BOTTOM",SCR-SH-M8X1.25X40 8
MNT-MTN BAR RH,SCR-M8X1.25X25 8
RUBBER CROSSBAR RMK,PLUG-TUBE M8X1
MNT-MTN BAR LH,TUBE-SUPPORT RUNNING BOARD 137
SCR M6X1.0X35 8,GRIPPER-TUNNEL
SHAFT-CROSS RMK,WELD-COOLER BULKHEAD
"SPRING-TOR,",NUT-CLINCH M8X1
SCR-HXFL-M10X1.25X250 10,SLEEVE-TORQUE STOP
SHAFT-CROSS RMK,BRACE-LOWER LH MACH
NUT-M8X1,SCR-SPCL M6X1.0X20 8
"REAR PIVOT ARM, WELD_XC","PLATE-TAILLIGHT COVER,BSC"
WELD-SHOCK PIVOT ARM WT,ASM-TAILLIGHT
SPACER-.520X.770X1,BRKT-TAILLIGHT REINFORCE
SHAFT-CROSS MACH,NUT-HXFL-M6X1
"ROLLER-SPRING, TRI-ADJ, RH",WSHR-6.4X18.0X1
RUNNER LH_XC,NUT-M8X1
WELD-H-BRACKET,ASM-TUNNEL CONV VOYGR 144 BSC
NUT-M10X1,SCR-M8X1.25X40 10
SHOCK-RTS W/E PRO XC,ASM REAR RACK
WSHR-1.28 X 1.69 X,"ASM-BUMPER,REAR,BASIC"
"SPRING-TOR,","SUPPORT- HOUSING,TAILLIGHT,BSC"
7044562_SPRING_ASSY_XC,"ASM-HITCH,FLAPPER/BLK"
CLIP-PUSH ON,CHAINCASE-MACH
ASM-ARM 83_XC,SEAL-OIL
"CONNECTING PLATE, ASM_XC","BEARING-BALL, 6205 LLB"
SCR-HXFL-M10X1.5X230 8,TUBE-XBRACE FRONT RH
--,BRKT-XBRACE FRONT
NUT-M10X1,TUBE-XBRACE FRONT LH
BUSHING-M16ODX10,BRKT-XBRACE FRONT
SLEEVE-TORSION SPRING,PLUG-TUBE REAR
ASM-WHEEL PLAIN,TUBE-XBRACE REAR
RUNNER RH_XC,ARM-PIVOT SHOCK
"ASM-WHEEL, PLAIN, 6",TUBE-REAR PIVOT ARM
"ASM-WHEEL,REAR_XC",MOUNT-GREASE ZERK
WSHR-10.5X24X1,SCR-HH-M6X1.0X25 8
"ARM, WELD MODEL_XC",NUT-HEX M10X1.5 8
BOLT M8X1,"BUMPER-JOUNCE,FRONT"
NUT-M6X1,SCR-SH-M10X1.5X30 8
"STRAP-LIMITER, ASM_XC","BUMPER-FRT TORQ ARM,XTRA 12"
"FRONT PIVOT ARM, ASM",GUIDE-SPRING SQUARE
"ROLLER-SPRING, TRI-ADJ, (LH SHOWN)",SCR-M10X1
"WHEEL-LWT, ASM",SCR-M8X1.25X25 8
RIVET-3/16-.214-,"SCR-HX-M10X1.5X100,8"
MOUNT-UPPER MACH,WSHR-FL #10 .203X.438X
RIVET-3/16-.090-,NUT-HEX-M10X1
TUBE-FOOTREST LH,SPACER-17.46 OD X 10
TUBE-FOOTREST RH,BUMPER-PIVOT ARM
MOUNT-LOWER REAR MACH LH,SCR-10-24X1
SCR-TXTH-M6X1.0X15 8,WSHR-6.4X18.0X1
TUBE-FRAME REAR RH,NUT-M6X1
TUBE-FRAME REAR LH,BLOCK-WHEEL MOUNT
MOUNT-LOWER REAR MACH RH,CAP-RAIL TIP_XC
"CLOSEOFF-REAR TUNNEL, ASM",SCR-HXFL-M6X1.0X70 10
TUBE-CROSSOVER EXTRUDED,HI-FAX-PROG 120 BASIC_XC
TUNNEL 137 PROG BSC,NUT- NYLOC 10-24 Y
ASM-SUPPORT RUNNING BOARD 137,"SCR-TXTH-M6X1.0X30,8"
MOUNT-STEERING LOWER MACH,SHAFT-SPRING ROLLER M8
MOUNT-ENGINE FRT BASE MACH,MOUNT-BUMPER METRIC
ASM-COOLER BULKHEAD,BLADE SUB LH_XC
FLOOR-BULKHEAD,BRKT-SHAFT SUPPORT
MOUNT-ENGINE REAR BASE MACH,SHAFT-SHOCK 43
"ASM-BRACE LOWER, LH",TUBE-CROSS FRONT
LYT-17 REAR BUMPER/HITCH/RACK,NUT-M10X1
CLIP-MACH LH,WSHR-M10.5X25X2
CLOSEOFF-RUNNING BOARD 137 LH,SCR-HXFL-M10X1.25X250 10
CLIP-MACH RH,TUBE-CROSS REAR
SCR-M8X1.25X25 8,"WASHER-3/8, FW SAE STL THRU-HRD"
ASM-CHAINCASE INTERMD,SCR-HXFL-M10X1.5X40 10
CLOSEOFF-RUNNING BOARD 137 RH,ARM-SHOCK MNT
TUBE-RESONATOR MOUNT,NUT-M10X1
NUT-M8X1,SCR-M10X1.5X65 8
SCR-M8X1.25X25 8,SHAFT-H-BRKT CC AL
TUBE-BRACE RH,WSHR-10.5X24X1
MOUNT-R/T SHOCK MACH 137,SHOCK-RTS W/E PRO XC
WELD-TUBE XBRACE FRONT RH,SHOCK-RTS W/E PRO XC
WELD-TUBE XBRACE FRONT LH,SHOCK-RTS W/E PRO XC
RIVET-4.8MM DIA-1.5-6,"SPRING-COMP 90/260# 2""_XC"
RIVET-3/16-.090-,SHOCK-F/T W/E CC_XC
WELD-TUBE XBRACE REAR,SHOCK-F/T W/E CC_XC
--,ROD_XC
BUSHING-TIE ROD BOOT,WSHR-10.5X24X1
BASE-TIE ROD BOOT LH,"SCR-M8X1.25X65-HX/FL-Y,CL 10"
TUBE-FRAME FRONT ALUM,SCR-M10X1.5X50 8
SCR-HXFL-M6X1X50 10,WASHER-.344X.688X
TUBE-SHOCK TOWER,NUT-HEX M10X1.5 8
SPACER-TUBE CAST 27,SHAFT-RTA MOUNT
MOUNT-LOWER FRONT MACH RH,NUT-M8X1
SHIM-TUBE CAST 31,ARM-MACH 83_XC
MOUNT-LOWER FRONT MACH LH,BUSHING-CRANK
---,SCR-HXFL-M8X1.25X85 10
arm-tork link,CONNECTING PLATE_XC
FOOTREST-RH,--
RIVET-3/16-.090-,NUT-M8X1
SCR-TXTH-M8X1.25X25 8,WHEEL-PLAIN
NUT-M8X1,BEARING-.7874 X 1.6535 X
TUBE-BRACE LH,WSHR-M6 OFFSET 2
BRKT-IDLER,RING-RETAINING
NUT-CLINCH-M6X1,WSHR-6.4X18.0X1
RIVET-3/16-.090-,BUMPER-PIVOT ARM
FOOTREST-LH,NUT-M6X1
--,SHAFT-SPRING ROLLER M8
--,SCR-M10X1
MOUNT-ENGINE RUBBER,SPACER-17.46 OD X 10
107017_rdk_revk_31mm_flange,CAP-RAIL TIP_XC
SCR-M6X1,SCR-SH-M10X1.5X30 8
--,BLADE SUB RH_XC
BASE-TIE ROD BOOT RH,"BUMPER-FRT TORQ ARM,XTRA 12"
--,PIN-CLEVIS 3/16X1 1/4
BUSHING-TIE ROD BOOT,NUT-HEX-M10X1
107017_rdk_revk_31mm_flange,BLOCK-WHEEL MOUNT
--,SCR-HH-M6X1.0X25 8
NUT-CLINCH M8X1,BUMPER-JOUNCE FTA TAPERED
MOUNT-ENGINE RUBBER,"SCR-TXTH-M6X1.0X30,8"
--,"SCR-HX-M10X1.5X100,8"
--,MOUNT-BUMPER METRIC
SPACER-BUSHING,SCR-M8X1.25X25 8
ROD END-M10 STUD,SCR-HXFL-M6X1.0X70 10
NUT-HEX-M12X1,GUIDE-SPRING SQUARE
ASM-LCA RH BSC,NUT-HEX M10X1.5 8
WASHER-FL .406X.812X,HI-FAX-PROG 120 BASIC_XC
ASM-UCA MOLY LH BSC,"PIN-HITCH, 3/32-Y"
ROD END-M10 STUD,"WHEEL-PLAIN, 6"
SPINDLE-MACH LH,BEARING-6007
ROD END-M10 HOUSING,RING-RETAINING
NUT-M10X1,"SPACER-IDLER,LONG"
ROD END-M10X26,SHAFT-IDLER M10X1
7044120-spring-rod,"ASM-WHEEL,SPOKE,7"
BUSHING-SKI PIVOT,SCR-M10X1
SCR-HXFL-M8X1.25X55 8,"BUSHING-MACH,.800X1.125X"
ASM-LCA LH BSC,WASHER-SPRING .406X1.25X
ROD END-M10 STUD,SPACER-IDLER
SPINDLE-MACH RH,SCR-M10X1
BEARING-SPHERICAL UCA 31MM,STRAP-LIMITER_XC
NUT-M10X1,NUT-M8X1
BUSHING-15.88X10.13X76,SFT-M10X1.5IDX17_XC.47ODX220
SCR-M8X1.25X25 8,WASHER-.325X1.20X
SCR-TXTH-M8X1.25X35 8,SCR-M8X1.25X30 8
BUSHING-15.88X10.13X76,NUT-M10X1
BEARING-SPHERICAL,SHAFT-PIVOT
NUT-M10X1,WSHR-10.4X28.58X2
ASM-SHOCK IFS W/E SHORT,NUT-HEX M10X1.5 8
SCR-M10X1.5X75 10,SCR-M10X1.5X75 10
BUSHING-M10X17,SCR-M10X1.5X50 8
7044120-spring-jam-nut,WSHR-10.5X24X1
NUT-HEX-M12X1,BUSHING-M10X17
SPRG-COMP .306X11,SCR-HXFL-M10X1.25X75 10
7044120-spring-clip,SHAFT-PIVOT LWT LOWER
ROD-TIE,NUT-HEX M10X1
NUT-M10X1,"FRONT PIVOT ARM, WELD"
"ASM-TIE ROD, WIDE",RING-RETAINING
WASHER-FL .406X.812X,WHEEL-LWT 5
BUSHING-SKI PIVOT,BEARING-.7874 X 1.6535 X
SCR-M10X1.5X75 10,WSHR-M6 OFFSET 2
"WASHER-7/16 SAE,STF,THRU HRD-Y",CLOSEOFF-REAR TUNNEL
"WASHER-7/16 SAE,STF,THRU HRD-Y",BRACE-SUPPORT REAR RH MACH
SPINDLE LH Quality Check,BRACE-SUPPORT REAR LH MACH
BEARING-SPHERICAL,SCR-SH-M10X1
SPACER-SKI SPINDLE,SCR-SH-M8X1.25X40 8
SCR-M10X1.5X50 8,SCR-M8X1.25X25 8
ROD END-M10X23 75DEG LH,PLUG-TUBE M8X1
ASM-SPINDLE RH,TUBE-SUPPORT RUNNING BOARD 137
NUT-M10X1,GRIPPER-TUNNEL
ASM-UCA MOLY RH BSC,WELD-COOLER BULKHEAD
7044120-spring-nut,NUT-CLINCH M8X1
SPACER-SKI SPINDLE,SLEEVE-TORQUE STOP
SCR-M10X1.5X60-8,BRACE-LOWER LH MACH
SHOCK-IFS WE NEEDLE PIGGY SHRT,SCR-SPCL M6X1.0X20 8
ROD END-M10 HOUSING,"PLATE-TAILLIGHT COVER,BSC"
BUSHING-PLASTIC SKI METRIC SERIAL LOW,ASM-TAILLIGHT
BUSHING-PLASTIC SKI METRIC SERIAL HIGH,BRKT-TAILLIGHT REINFORCE
CARBIDE NUT KIT,NUT-HXFL-M6X1
"SKAG-CARBIDE 4"" 60° 8MM STUD EARLY",WSHR-6.4X18.0X1
"SKAG-CARBIDE 4"" 60° 8MM STUD LATE",NUT-M8X1
"TOE-PLASTIC, SKI",ASM-TUNNEL CONV VOYGR 144 BSC
SKI KIT,SCR-M8X1.25X40 10
TOE-PLASTIC KIT,ASM REAR RACK
STOP-SKI RUBBER SOFT,"ASM-BUMPER,REAR,BASIC"
SKI-PLASTIC PRO STEER BSC,"SUPPORT- HOUSING,TAILLIGHT,BSC"
STOP-SKI RUBBER HARD,"ASM-HITCH,FLAPPER/BLK"
RET,CHAINCASE-MACH
BUSHING-STEERING POST LOWER,SEAL-OIL
ASM-SWITCH AUX SHUTOFF STD MNT,"BEARING-BALL, 6205 LLB"
BAR-HANDLE INTEG HOOKS AL,TUBE-XBRACE FRONT RH
ASM-HANDLEBAR AL,BRKT-XBRACE FRONT
NUT-HEX M10X1.5 8,TUBE-XBRACE FRONT LH
HAND BRAKE MASTER CYLINDER MAIN,BRKT-XBRACE FRONT
ASM-RACK LINK,PLUG-TUBE REAR
BUSHING-STEERING POST UPPER,TUBE-XBRACE REAR
PIN-RETAINING .186X1,ROD END-M10 STUD
SEAL-STEERING BUSHING,ROD END-M10 HOUSING
MASTER CYLINDER MACH_2,BUSHING-M10X17
"CAPLUG-TAPERED,#T-4X",SCR-M10X1.5X50 8
ASM-CONTROL LH,SPRG-COMP .306X11
ASM-CONTROL LH,NUT-M10X1
SCR-SH-SET-M8X1.25X8 8,7044120-spring-nut
ASM-STEERING POST UPPER,7044120-spring-jam-nut
NUT-M8X1,SCR-M10X1.5X60-8
MASTER CYLINDER CONNECTOR,7044120-spring-clip
LEVER-THROTTLE 35,SHOCK-IFS WE NEEDLE PIGGY SHRT
WASHER-.189X.314X,7044120-spring-rod
BLOCK-THROTTLE LOWER,ROD-TIE
SWITCH-AUX SHUT-OFF DC-SDI,ROD END-M10X26
COVER-CONTROL LH,NUT-M10X1
BLOCK-HANDLEBAR RISER 89MM,SPINDLE-MACH LH
MASTER CYLINDER LEVER,NUT-M10X1
MNT-AUX SHUT-OFF LOWER,ROD END-M10 STUD
COVER-THROTTLE,ROD END-M10 HOUSING
MASTER CYL RESERVOIR,WASHER-FL .406X.812X
PISTON CAP,BEARING-SPHERICAL
"WASHER-3/8, FW SAE STL THRU-HRD",SCR-M10X1.5X75 10
MASTER CYLINDR ASY,NUT-HEX-M12X1
NUT-M8X1,NUT-M10X1
ASM-THROTTLE CNTRL 35,BUSHING-SKI PIVOT
BLOCK-THROTTLE UPPER,SPINDLE-MACH RH
MNT-AUX SHUT-OFF UPPER,SPACER-SKI SPINDLE
MASTER CYLINDER RESERVOIR CAP,"WASHER-7/16 SAE,STF,THRU HRD-Y"
SCR-#10X1/2-HI/LO-TRX-Y,BUSHING-15.88X10.13X76
SCR-6X3/8 PH TR HD GR5-Y,NUT-M8X1
GRIP-HANDLEBAR BSC,Blue Threadlock
WASHER-FL 8.4X16.0X,WASHER-.344X.688X
COVER-HANDLEBAR,WASHER-.406X1.25X
ASM-PITMAN,SCR-HH M10X1.5X155 8
"SPACER-BUSHING, LONG",NUT-M10X1
ASM-LEVER HTR HI/LO 35,NUT-HEX-M6X1
WELD-STEERING POST UPPER,NUT-M8X1
SWITCH-THROTTLE,SCR-HXFL-M6X1.0X105 8
ASM-DRAGLINK FIXED SW,SCR-M8X1.25X25 8
IDLER,WSHR-FLAT M6.35X14.30X1
LOCTITE 767-64 ANTI SEIZE,SWITCH-AUX SHUT-OFF DC-SDI
SCR-HXFL-M8X1.25X65 8,MNT-AUX SHUT-OFF UPPER
STRAP-STEERING,ASM-THROTTLE CNTRL 35
"HAND GUARD, SNO, LH","CAPLUG-TAPERED,#T-4X"
"HAND GUARD, SNO, LH",ASM-CONTROL LH
"MOUNT, SNO HAND GRD, LH",MASTER CYLINDR ASY
"MOUNT, SNO HAND GRD, LH",ASM-CONTROL LH
"MOUNT, SNO HAND GRD, CAP",SCR-#10X1/2-HI/LO-TRX-Y
"MOUNT, SNO HAND GRD, CAP",COVER-CONTROL LH
"HAND GUARD, SNO, LH",BLOCK-THROTTLE LOWER
"HAND GUARD, SNO, LH",GRIP-HANDLEBAR BSC
"MOUNT, SNO HAND GRD, LH",SCR-SH-SET-M8X1.25X8 8
"MOUNT, SNO HAND GRD, LH",SWITCH-THROTTLE
"MOUNT, SNO HAND GRD, CAP",COVER-THROTTLE
"MOUNT, SNO HAND GRD, CAP",MNT-AUX SHUT-OFF LOWER
AIR-SILENCER LOWER,SCR-6X3/8 PH TR HD GR5-Y
--,ASM-SWITCH AUX SHUTOFF STD MNT
AIR SILENCER-UPPER,BAR-HANDLE INTEG HOOKS AL
FOAM-INTAKE LOWER,SCR-HXFL-M8X1.25X55 8
PLATE-ADAPTOR,WELD-STEERING POST UPPER
PLUG-DRAIN,"WASHER-3/8, FW SAE STL THRU-HRD"
INTAKE CASE 2,"SPACER-BUSHING, LONG"
INTAKE CASE 1,BUSHING-STEERING POST UPPER
INTAKE CASE 3,SCR-HXFL-M8X1.25X65 8
INTAKE CASE 4,ASM-RACK LINK
K-PASS SEAT AND SUPPORT TP/CO,IDLER
gauge_pcb_board_assy_2,NUT-M8X1
GASKET-DIGITAL GAUGE,BUSHING-STEERING POST LOWER
Gauge Panel,SCR-TXTH-M8X1.25X35 8
ribbon_cable,SPACER-BUSHING
BEZEL-GAUGE CPI B1,ASM-DRAGLINK FIXED SW
self_tapping_screw_m3x6,NUT-M8X1
"SOFTWARE-CPIB1SNO,UNP",WASHER-FL 8.4X16.0X
DEFLECTOR-SNOW EXHAUST,SCR-M8X1.25X25 8
FENDER-RH,NUT-HEX M10X1.5 8
PLUG-CLUTCH HOLE,STRAP-STEERING
RVT-3/16(.251-,SEAL-STEERING BUSHING
WASHER-.20 X .67 X,ASM-PITMAN
"BOOT-EXHAUST, OUTLET",MASTER CYLINDER LEVER
STRAP-RUBBER 57MM,HAND BRAKE MASTER CYLINDER MAIN
PLUG-CLUTCH HOLE,PISTON CAP
FENDER-LH,MASTER CYLINDER RESERVOIR CAP
STRAP-RUBBER 57MM,MASTER CYLINDER CONNECTOR
PLUG-CLUTCH HOLE,MASTER CYL RESERVOIR
FENDER-LH,MASTER CYLINDER MACH_2
STRAP-RUBBER 57MM,ASM-LEVER HTR HI/LO 35
DEFLECTOR-SNOW EXHAUST,RET
FENDER-RH,PIN-RETAINING .186X1
PLUG-CLUTCH HOLE,WASHER-.189X.314X
RVT-3/16(.251-,BLOCK-THROTTLE UPPER
WASHER-.20 X .67 X,LOCTITE 767-64 ANTI SEIZE
"BOOT-EXHAUST, OUTLET",LEVER-THROTTLE 35
STRAP-RUBBER 57MM,K-PASS SEAT TP/CO
"INSERT-AVK,AK,M6X1.00,4",K-PASS SEAT SUPPORT
TUBE-UPPER FRONT BUMPER,Connector SD/MMC
BRACE-FRONT BUMPER,IC REG LDO CAP FREE 8-SON
MASTER CYLINDER LEVER,CAP_TANT_100UF_6.3V
COVER-THROTTLE,CAP CER 10UF 10V
RET,"CONN HEADER FEM 10POS .1"" DL TIN"
IDLER,CONNECTOR USB TYPE A
STOP-STEERING POST,XTAL 32.768kHz
MASTER CYL RESERVOIR,Capacitor 1uF 10V Ceramic 10%
GRIP-HANDLEBAR BSC,Gauge PCB Board
ASM-CONTROL LH,CRYSTAL 24MHZ 18PF
LEVER-THROTTLE 35,Capacitor 0.01uF 16V
ASM-PITMAN,IC USB HS DUAL UART/FIFO 64-LQFP
SCR-HXFL-M8X1.25X65 8,CAP 18PF 50V C0G 5%
SCR-HXFL-M8X1.25X55 8,SWITCH TACT SPST W/GND SMD
ASM-DRAGLINK FIXED BALL,IC EEPROM 32KBIT 400KHZ SOT23-6
MASTER CYLINDER RESERVOIR CAP,conn_16pin
TUBE-MOUNT,Integrated Power Management Unit
"WASHER-3/8, FW SAE STL THRU-HRD",Low-Power Dual 2-Input Positive-AND Gate
PISTON CAP,Resistor 100Kohm 1/16W 1%
COVER-CONTROL LH,Ferrite Bead 150 Ohm 800mA
MASTER CYLINDER MACH_2,RES .10 OHM 1/8W 5%
ASM-DRAGLINK FIXED BS,TXRX ETHERNET 10/100 RMII
SWITCH-THROTTLE,IC 4CH ESD SOLUTION W/CLAMP 6SON
BLOCK-THROTTLE UPPER,Crystal 25MHz
"WASHER-3/8, FW SAE STL THRU-HRD",TRANS NPN/NPN W/RES 50V SMINI6
SEAL-STEERING BUSHING,AM335x ARM Cortex-A8
SCR-6X3/8 PH TR HD GR5-Y,RJ-45 10/100 W/Magnetics
LOCTITE 767-64 ANTI SEIZE,Expansion Header
ASM-THROTTLE CNTRL 35,pcb button
MNT-AUX SHUT-OFF LOWER,"Inductor 2.2uH smt 2.6A, 58 mOhm"
HAND BRAKE MASTER CYLINDER MAIN,DDR2 RAM 256MB(128Mx16)x1 400MHz
MOUNT-BUSHING STEERING,CONN POWER JACK 2.1MM
STRAP-STEERING,IC USB 2.0 HS HUB CTRLR
NUT-HEX M10X1.5 8,1.5A PWR DIST SWITCH
ASM-HANDLEBAR AL,Standard LED - SMD Green Clear 569nm
SCR-SH-SET-M8X1.25X8 8,USB_mini A/B
MASTER CYLINDR ASY,CAP 22PF 5% 100V
CLAMP-HANDLEBAR RETAINER,IC EEPROM 2KBIT 2MHZ SOT23-6
ARM-STEERING POST,IC BUFF/DVR DL NON-INV
MASTER CYLINDER CONNECTOR,IC CTLR OVP 28V W/NMOS 6-DFN
"CAPLUG-TAPERED,#T-4X","Icon, Low Battery Voltage"
NUT-M8X1,"Icon, Reverse"
SCR-HH M8X1.25X45 8,"Gauge Panel, Back Cover"
WASHER-.189X.314X,"Icon, Low Oil"
ASM-SWITCH AUX SHUTOFF STD MNT,"Icon, Parking Brake"
BLOCK-THROTTLE LOWER,Mode Button
POST-STEERING,"Icon, Low Fuel"
NUT-M8X1,"Icon, Security"
ASM-CONTROL LH,Gauge Screen
"SPACER-BUSHING, LONG","Icon, Check Engine"
WASHER-.344X.688X,Center Button
SPACER-BUSHING,"Icon, Engine Hot"
BRKT-STEERING TUBE,"Icon, High Beam"
BUSHING-STEERING POST UPPER,Set Button
ASM-LEVER HTR HI/LO 35,"Gauge Panel, Front Cover"
PIN-RETAINING .186X1,"Icon, Playback"
ASM-DRAGLINK FIXED HSG,ASM-LEVER HTR HI/LO 35
SWITCH-AUX SHUT-OFF DC-SDI,RET
COVER-HANDLEBAR,PIN-RETAINING .186X1
ASM-DRAGLINK FIXED,WASHER-.189X.314X
MNT-AUX SHUT-OFF UPPER,BLOCK-THROTTLE UPPER
"BLOCK-HB RISER,60MM,RMK,MET",LOCTITE 767-64 ANTI SEIZE
STOP-STEERING POST,ASM-THROTTLE CNTRL 35
"TUBE-INNERSTRG,21.34X23","CAPLUG-TAPERED,#T-4X"
WELD-STEERING POST,ASM-CONTROL LH
BAR-HANDLE INTEG HOOKS AL,MASTER CYLINDR ASY
ASM-RACK LINK,ASM-CONTROL LH
BUSHING-STEERING POST LOWER,SCR-#10X1/2-HI/LO-TRX-Y
SCR-#10X1/2-HI/LO-TRX-Y,COVER-CONTROL LH
ASM-DRAGLINK FIXED RACE,BLOCK-THROTTLE LOWER
NUT-M10X1,GRIP-HANDLEBAR BSC
ROD-TIE,SCR-SH-SET-M8X1.25X8 8
NUT-HEX M10X1.5 8,SWITCH-THROTTLE
"ASM-TIE ROD, WIDE",COVER-THROTTLE
ROD END-M10 STUD,MNT-AUX SHUT-OFF LOWER
"WELD-LCA,RH RMK",SCR-6X3/8 PH TR HD GR5-Y
"ASM-SPINDLE,LH METRIC,RMK BJ",ASM-SWITCH AUX SHUTOFF STD MNT
7044120-spring-rod,BAR-HANDLE INTEG HOOKS AL
SPRG-COMP .306X11,MASTER CYLINDER LEVER
BUSHING-15.88X10.13X76,HAND BRAKE MASTER CYLINDER MAIN
NUT-M10X1,PISTON CAP
BUSHING-SKI PIVOT,MASTER CYLINDER RESERVOIR CAP
SCR-M10X1.5X75 10,MASTER CYLINDER CONNECTOR
WELD-UCA RMK LH,MASTER CYL RESERVOIR
SCR-M10X1.5X75 10,MASTER CYLINDER MACH_2
WASHER-FL .406X.812X,SWITCH-AUX SHUT-OFF DC-SDI
ROD END-M10 HOUSING,MNT-AUX SHUT-OFF UPPER
ROD END-M10X23 75DEG LH,LEVER-THROTTLE 35
"SPINDLE-MACH,RH METRIC,BJRMK",ASM-DRAGLINK FIXED RACE
ROD END-M10 HOUSING,ASM-DRAGLINK FIXED BALL
NUT-M10X1,ASM-DRAGLINK FIXED HSG
SHOCK-IFS WE NEEDLE PIGGY SHRT,ASM-DRAGLINK FIXED BS
SCR-M10X1.5X50 8,SPACER-BUSHING
WELD-UCA RMK RH,SCR-HH M8X1.25X45 8
SCR-M10X1.5X60-8,SEAL-STEERING BUSHING
BUSHING-M10X17,BUSHING-STEERING POST LOWER
SCR-SH-M10X1.5X45 12,STRAP-STEERING
"SPINDLE-MACH,LH METRIC,BJRMK",STOP-STEERING POST
7044120-spring-clip,NUT-M8X1
NUT-HEX M10X1.5 8,COVER-HANDLEBAR
7044120-spring-jam-nut,BRKT-STEERING TUBE
BUSHING-SKI PIVOT,CLAMP-HANDLEBAR RETAINER
"WELD-LCA,LH RMK",SCR-HXFL-M8X1.25X65 8
ASM-SHOCK IFS W/E SHORT,TUBE-MOUNT
ROD END-M10 STUD,ARM-STEERING POST
WASHER-FL .406X.812X,"BLOCK-HB RISER,60MM,RMK,MET"
7044120-spring-nut,"WASHER-3/8, FW SAE STL THRU-HRD"
NUT-M10X1,SCR-HXFL-M8X1.25X55 8
ROD END-M10X26,BUSHING-STEERING POST UPPER
NUT-M10X1,POST-STEERING
"ASM-SPINDLE,RH METRIC,RMK BJ",MOUNT-BUSHING STEERING
SCR-SH-M10X1.5X45 12,WASHER-.344X.688X
BUSHING-15.88X10.13X76,"TUBE-INNERSTRG,21.34X23"
BUSHING-PLASTIC SKI METRIC SERIAL LOW,NUT-HEX M10X1.5 8
BUSHING-PLASTIC SKI METRIC SERIAL HIGH,"SPACER-BUSHING, LONG"
CARBIDE NUT KIT,ROD END-M10X26
"SKAG-CARBIDE 4"" 60° 8MM STUD EARLY",NUT-M10X1
"SKAG-CARBIDE 4"" 60° 8MM STUD LATE",ROD-TIE
"TOE-PLASTIC, SKI",BUSHING-SKI PIVOT
SKI KIT,NUT-M10X1
TOE-PLASTIC KIT,"SPINDLE-MACH,LH METRIC,BJRMK"
STOP-SKI RUBBER SOFT,WASHER-FL .406X.812X
SKI-PLASTIC PRO STEER BSC,NUT-HEX M10X1.5 8
STOP-SKI RUBBER HARD,BUSHING-15.88X10.13X76
RIVET-3/16-.214-,SCR-M10X1.5X75 10
MOUNT-UPPER MACH,SCR-SH-M10X1.5X45 12
RIVET-3/16-.090-,NUT-M10X1
TUBE-FOOTREST LH,ROD END-M10 STUD
TUBE-FOOTREST RH,ROD END-M10 HOUSING
MOUNT-LOWER REAR MACH LH,SPRG-COMP .306X11
SCR-TXTH-M6X1.0X15 8,7044120-spring-jam-nut
TUBE-FRAME REAR RH,SCR-M10X1.5X50 8
TUBE-FRAME REAR LH,7044120-spring-clip
MOUNT-LOWER REAR MACH RH,BUSHING-M10X17
---,SCR-M10X1.5X60-8
arm-tork link,NUT-M10X1
SUPPORT-RUNNINGBOARD REAR LH,7044120-spring-nut
RUNNINGBOARD-129 LH MACH,SHOCK-IFS WE NEEDLE PIGGY SHRT
CLIP-MACH RH,7044120-spring-rod
M6X1.0X30 CARRIAGE CL8,ROD END-M10 STUD
"ASM-BRACE LOWER, LH",ROD END-M10 HOUSING
SPACER-RUNNINGBOARD REAR LH,SCR-SH-M10X1.5X45 12
SPACER-RUNNINGBOARD REAR RH,NUT-M10X1
FLOOR-BULKHEAD,BUSHING-SKI PIVOT
CHASSIS 144 CONV VOYGR BSC,BUSHING-15.88X10.13X76
COVER-TAILLIGHT,SCR-M10X1.5X75 10
CLIP-MACH LH,WASHER-FL .406X.812X
WSHR-6.4X18.0X1,"SPINDLE-MACH,RH METRIC,BJRMK"
DECAL-REFLECTOR RED LH,NUT-HEX M10X1.5 8
ASM-CHAINCASE INTERMD,NUT-M8X1
NUT-HXFL-M6X1,Blue Threadlock
COVER-TAILLIGHT HARNESS 129,WASHER-.344X.688X
MOUNT-STEERING LOWER MACH,WASHER-.406X1.25X
FLAP-SNOW,SCR-HH M10X1.5X155 8
TUBE-BUMPER ALUM,NUT-M10X1
"NUT-RIVNUT,HEX,M6X1",NUT-HEX-M6X1
SCR-TXTH-M6X1,NUT-M8X1
TUBE-FRAME FRONT ALUM,SCR-HXFL-M6X1.0X105 8
SCR-HXFL-M6X1X50 10,SCR-M8X1.25X25 8
TUBE-SHOCK TOWER,WSHR-FLAT M6.35X14.30X1
SPACER-TUBE CAST 27,SLEEVE-TORQUE STOP
MOUNT-LOWER FRONT MACH RH,BRACE-LOWER LH MACH
SHIM-TUBE CAST 31,CHAINCASE-MACH
MOUNT-LOWER FRONT MACH LH,SEAL-OIL
--,"BEARING-BALL, 6205 LLB"
SLEEVE-TORQUE STOP,6-manifold_solid_brep_107141
BRACE-LOWER LH MACH,6-manifold_solid_brep_107291
CHAINCASE-MACH,NUT-HXFL-M6X1
SEAL-OIL,MOUNT-SADDLEBAG FRONT
"BEARING-BALL, 6205 LLB",MOUNT-SADDLEBAG REAR RH
Connector SD/MMC,WELD-CARGO RACK 137
IC REG LDO CAP FREE 8-SON,SCR-HXFL-M6X1.0X20 8
CAP_TANT_100UF_6.3V,MOUNT-SADDLEBAG REAR LH
CAP CER 10UF 10V,PLUG-TUBE
"CONN HEADER FEM 10POS .1"" DL TIN",TUBE-BUMPER AL
CONNECTOR USB TYPE A,MNT-BUMPER
XTAL 32.768kHz,RIVET-4.8MM DIA-1.5-6
Capacitor 1uF 10V Ceramic 10%,"ASM-HINGE,PLATE"
Gauge PCB Board,"ASM-HINGE,PIN"
CRYSTAL 24MHZ 18PF,"ASM-HINGE,PLATE"
Capacitor 0.01uF 16V,"ASM-HINGE,PLATE"
IC USB HS DUAL UART/FIFO 64-LQFP,"ASM-HINGE,PIN"
CAP 18PF 50V C0G 5%,"ASM-HINGE,PLATE"
SWITCH TACT SPST W/GND SMD,5450184-RUBBER
IC EEPROM 32KBIT 400KHZ SOT23-6,5450184-WHEEL
conn_16pin,"WHEEL-SPOKE,7"
Integrated Power Management Unit,RING-RETAINING
Low-Power Dual 2-Input Positive-AND Gate,BEARING-.7874 X 1.6535 X
Resistor 100Kohm 1/16W 1%,RIVET-FLAT HD-1/4 X
Ferrite Bead 150 Ohm 800mA,BLOCK-IDLER BOLT ADJ METRIC
RES .10 OHM 1/8W 5%,--
TXRX ETHERNET 10/100 RMII,SCR-TXTH-M8X1.25X20 8
IC 4CH ESD SOLUTION W/CLAMP 6SON,--
Crystal 25MHz,--
TRANS NPN/NPN W/RES 50V SMINI6,SCR-TXTH-M8X1.25X20 8
AM335x ARM Cortex-A8,--
RJ-45 10/100 W/Magnetics,BLOCK-IDLER BOLT ADJ METRIC
Expansion Header,RIVET-FLAT HD-1/4 X
pcb button,CAP-COOLER CAST RH
"Inductor 2.2uH smt 2.6A, 58 mOhm",EXCHANGER-COOLER CENTER MACH
DDR2 RAM 256MB(128Mx16)x1 400MHz,"FITTING-COOLER,90 DEG,15"
CONN POWER JACK 2.1MM,FITTING-COOLER STRAIGHT
IC USB 2.0 HS HUB CTRLR,PLUG-COOLER TOP LEFT
1.5A PWR DIST SWITCH,PLUG-COOLER CENTER MIDDLE
Standard LED - SMD Green Clear 569nm,BRKT-SUPPORT OIL PUMP
USB_mini A/B,PLUG-COOLER CENTER RIGHT
CAP 22PF 5% 100V,CAP-COOLER MACH LH
IC EEPROM 2KBIT 2MHZ SOT23-6,PLUG-COOLER CENTER LEFT
IC BUFF/DVR DL NON-INV,WELD-SUSP PAD REAR 144 RH
IC CTLR OVP 28V W/NMOS 6-DFN,ASM-TUNNEL SIDE 144 LH
"Icon, Low Battery Voltage",SIDE-BULKHEAD LH
"Icon, Reverse",WELD-SUSP PAD REAR 144 LH
"Gauge Panel, Back Cover",CLOSEOFF-TUNNEL FRONT MACH
"Icon, Low Oil",SIDE-TUNNEL RH CONV 144
"Icon, Parking Brake",MOUNT-JACKSHAFT BEARING MACH
Mode Button,WELD/ASM-TUNNEL COOLER 144
"Icon, Low Fuel",PAD-FRONT
"Icon, Security",ASM-CLOSEOFF REAR
Gauge Screen,SIDE-BULKHEAD RH
"Icon, Check Engine","WELD-REAR,RACK"
Center Button,"INSERT-AVK,AK,M6X1.00,4"
"Icon, Engine Hot","INSERT-AVK,AK,M6X1.00,4"
"Icon, High Beam","PLUG-TUBE,LOCKING"
Set Button,BUMPER-REAR
"Gauge Panel, Front Cover",PIN-1/8X1-COTTER-Y
"Icon, Playback","MOUNT-U,HITCH"
NUT-HXFL-M6X1,TUBE-HITCH MOUNT
SCR-HXFL-M8X1.25X20 8,TUBE-HITCH
ASM-CARGO RACK 137,PIN-CLEVIS 1/2X4
SCR-TXTH-M8X1.25X25 8,PLATE-HITCH MOUNT
NUT-HXFL-M6X1,BLOCK-IDLER BOLT ADJ METRIC
"ASM-BUMPER,RR,RMK,AL",BLADE CORE_XC
SCR-TXPH-M6X1.0X25 8,RIVET-FLAT HD-1/4 X
STRAP-RUBBER 70MM,BLADE_CAP_XC
LID-SADDLEBAG LH,SCR-TXTH-M8X1.25X20 8
"BUSHING-RUBBER,LNR ANCHOR",BLADE_CAP_XC
NUT-HXFL-M6X1,BLOCK-IDLER BOLT ADJ METRIC
SADDLEBAG-LH,RIVET-FLAT HD-1/4 X
RIVET3/16(.063-,BLADE CORE_XC
"PIN-DOWEL,5/32""X7/8"", ZPC",SCR-TXTH-M8X1.25X20 8
BUSHING-L&R ANCHOR SNOW,"WHEEL-SPOKE,7"
"HANDLE-LNR ANCHOR,BLK",RING-RETAINING
SHAFT-L&R ANCHOR SNOW,BEARING-.7874 X 1.6535 X
HINGE-SADDLEBAG,5450184-RUBBER
BRKT-BAG SUPPORT LH,5450184-WHEEL
"SCR-M6X1.0X20MM,TX,PH,8",CAP-COOLER CAST RH
SADDLEBAG-RH,EXCHANGER-COOLER CENTER MACH
LID-SADDLEBAG RH,"FITTING-COOLER,90 DEG,15"
RIVET3/16(.063-,FITTING-COOLER STRAIGHT
SHAFT-L&R ANCHOR SNOW,PLUG-COOLER TOP LEFT
STRAP-RUBBER 70MM,PLUG-COOLER CENTER MIDDLE
NUT-HXFL-M6X1,BRKT-SUPPORT OIL PUMP
"SCR-M6X1.0X20MM,TX,PH,8",PLUG-COOLER CENTER RIGHT
"BUSHING-RUBBER,LNR ANCHOR",CAP-COOLER MACH LH
"PIN-DOWEL,5/32""X7/8"", ZPC",PLUG-COOLER CENTER LEFT
"HANDLE-LNR ANCHOR,BLK",WELD-SUSP PAD REAR 144 RH
HINGE-SADDLEBAG,ASM-TUNNEL SIDE 144 LH
BUSHING-L&R ANCHOR SNOW,SIDE-BULKHEAD LH
BRKT-BAG SUPPORT RH,WELD-SUSP PAD REAR 144 LH
NUT-M8X1,CLOSEOFF-TUNNEL FRONT MACH
SCR-M10X1,SIDE-TUNNEL RH CONV 144
WASHER-.325X1.20X,MOUNT-JACKSHAFT BEARING MACH
STRAP-LIMITER,WELD/ASM-TUNNEL COOLER 144
SFT-M10X1.5IDX17.47ODX220,PAD-FRONT
SCR-M8X1.25X30 8,ASM-CLOSEOFF REAR
WSHR-10.5X24X1,SIDE-BULKHEAD RH
WASHER-.344X.688X,"WELD-REAR,RACK"
BUSHING-CRANK,"INSERT-AVK,AK,M6X1.00,4"
NUT-M8X1,"INSERT-AVK,AK,M6X1.00,4"
SHAFT-RTA MOUNT,"PLUG-TUBE,LOCKING"
"SCR-M8X1.25X65-HX/FL-Y,CL 10",BUMPER-REAR
ARM-MACH 83,PIN-1/8X1-COTTER-Y
SCR-M10X1.5X50 8,"MOUNT-U,HITCH"
NUT-HEX M10X1.5 8,TUBE-HITCH MOUNT
RING-RETAINING,TUBE-HITCH
WHEEL-LWT 5,PIN-CLEVIS 1/2X4
BEARING-.7874 X 1.6535 X,PLATE-HITCH MOUNT
WSHR-M6 OFFSET 2,ROD END-M10 STUD
WHEEL-PLAIN,ROD END-M10 HOUSING
BEARING-.7874 X 1.6535 X,ASM-LEVER HTR HI/LO 35
WSHR-M6 OFFSET 2,RET
RING-RETAINING,PIN-RETAINING .186X1
SHOCK-RTS W/E ASSAULT,WASHER-.189X.314X
SHOCK-RTS W/E ASSAULT,BLOCK-THROTTLE UPPER
SHOCK-RTS W/E ASSAULT,LOCTITE 767-64 ANTI SEIZE
SHAFT-IDLER M10X1,MASTER CYLINDER LEVER
"SPACER-IDLER,LONG",HAND BRAKE MASTER CYLINDER MAIN
"ASM-WHEEL,SPOKE,7",PISTON CAP
WASHER-SPRING .406X1.25X,MASTER CYLINDER RESERVOIR CAP
SPACER-IDLER,MASTER CYLINDER CONNECTOR
SCR-M10X1,MASTER CYL RESERVOIR
"BUSHING-MACH,.800X1.125X",MASTER CYLINDER MACH_2
---,SWITCH-AUX SHUT-OFF DC-SDI
SHOCK-F/T W/E CC,MNT-AUX SHUT-OFF UPPER
SHOCK-F/T W/E CC,LEVER-THROTTLE 35
"SPRING-COMP 90/260# 2""",ASM-PASS SEAT TP/CO
ARM-PIVOT SHOCK,NUT-HXFL-M6X1
TUBE-REAR PIVOT ARM,K-PASS SEAT SUPPORT
MOUNT-GREASE ZERK,SCR-SPCL M6X1.0X16 8
"WHEEL-PLAIN, 6",ASM-TUNNEL LATCH PLATE
BEARING-6007,COVER-LATCH PIN
RING-RETAINING,6-manifold_solid_brep_107141
--,6-manifold_solid_brep_107291
NUT-M8X1,LEVER-THROTTLE 35
SCR-HXFL-M8X1.25X85 10,ASM-LEVER HTR HI/LO 35
--,RET
BRKT-SHAFT SUPPORT,PIN-RETAINING .186X1
SHAFT-SHOCK 43,WASHER-.189X.314X
TUBE-CROSS FRONT,BLOCK-THROTTLE UPPER
NUT-M10X1,LOCTITE 767-64 ANTI SEIZE
WSHR-M10.5X25X2,MASTER CYLINDER LEVER
SCR-HXFL-M10X1.25X250 10,HAND BRAKE MASTER CYLINDER MAIN
TUBE-CROSS REAR,PISTON CAP
"WASHER-3/8, FW SAE STL THRU-HRD",MASTER CYLINDER RESERVOIR CAP
SCR-HXFL-M10X1.5X40 10,MASTER CYLINDER CONNECTOR
ARM-SHOCK MNT,MASTER CYL RESERVOIR
NUT-M10X1,MASTER CYLINDER MACH_2
SCR-M10X1.5X65 8,SWITCH-AUX SHUT-OFF DC-SDI
SHAFT-H-BRKT CC AL,MNT-AUX SHUT-OFF UPPER
WSHR-10.5X24X1,ROD END-M10 STUD
NUT-M10X1,ROD END-M10 HOUSING
6-manifold_solid_brep_107141,BRKT-SUPPORT RACK FRONT 137
6-manifold_solid_brep_107291,TUBE-RACK 31.8X2
NUT-HXFL-M6X1,TUBE-RACK 25.4X1
MOUNT-SADDLEBAG FRONT,BRKT-SUPPORT RACK 137
MOUNT-SADDLEBAG REAR RH,GUSSET-RACK 137
WELD-CARGO RACK 137,TUBE-RACK 31.8X1
SCR-HXFL-M6X1.0X20 8,BRKT-SUPPORT RACK REAR 137
MOUNT-SADDLEBAG REAR LH,TUBE-RACK 31.8X2
PLUG-TUBE,BRKT-SUPPORT RACK BOTTOM 137
TUBE-BUMPER AL,TUBE-RACK 31.8X1
MNT-BUMPER,TUBE-RACK 25
RIVET-4.8MM DIA-1.5-6,PAD-SUSP REAR UPPER 144 RH
"ASM-HINGE,PLATE",PAD-SUSPENSION REAR LOWER 144
"ASM-HINGE,PIN",NUT-CLINCH M8X1
"ASM-HINGE,PLATE",SIDE-TUNNEL LH CONV 144
"ASM-HINGE,PLATE","PAD-SUSP INNER,MTN"
"ASM-HINGE,PIN",PAD-SUSPENSION REAR LOWER 144
"ASM-HINGE,PLATE","SPACER-CENTER TUNNEL,146"
5450184-RUBBER,FITTING-COOLER .75X20 DEG
5450184-WHEEL,"EXCHANGER-TUNNEL 144, RH"
"WHEEL-SPOKE,7",TUBE-COOLANT CROSSOVER
RING-RETAINING,"EXCHANGER-TUNNEL 144, LH"
BEARING-.7874 X 1.6535 X,STUD-SELF-CLINCH M5X
RIVET-FLAT HD-1/4 X,STUD-SELF-CLINCH M6X1
BLOCK-IDLER BOLT ADJ METRIC,CLOSEOFF-REAR TUNNEL CONV
--,PLATE-REAR RACK
SCR-TXTH-M8X1.25X20 8,"TUBE-RACK,EXTRUDED"
--,PAD-SUSP REAR UPPER 144 RH
--,PAD-SUSPENSION REAR LOWER 144
SCR-TXTH-M8X1.25X20 8,NUT-CLINCH M8X1
--,SIDE-TUNNEL LH CONV 144
BLOCK-IDLER BOLT ADJ METRIC,"PAD-SUSP INNER,MTN"
RIVET-FLAT HD-1/4 X,PAD-SUSPENSION REAR LOWER 144
CAP-COOLER CAST RH,"SPACER-CENTER TUNNEL,146"
EXCHANGER-COOLER CENTER MACH,FITTING-COOLER .75X20 DEG
"FITTING-COOLER,90 DEG,15","EXCHANGER-TUNNEL 144, RH"
FITTING-COOLER STRAIGHT,TUBE-COOLANT CROSSOVER
PLUG-COOLER TOP LEFT,"EXCHANGER-TUNNEL 144, LH"
PLUG-COOLER CENTER MIDDLE,STUD-SELF-CLINCH M5X
BRKT-SUPPORT OIL PUMP,STUD-SELF-CLINCH M6X1
PLUG-COOLER CENTER RIGHT,CLOSEOFF-REAR TUNNEL CONV
CAP-COOLER MACH LH,PLATE-REAR RACK
PLUG-COOLER CENTER LEFT,"TUBE-RACK,EXTRUDED"
WELD-SUSP PAD REAR 144 RH,LEVER-THROTTLE 35
ASM-TUNNEL SIDE 144 LH,LOCTITE - 263
SIDE-BULKHEAD LH,SCR-HXFL-M6X1.0X35 8
WELD-SUSP PAD REAR 144 LH,SCR-TXTH-M5X0
CLOSEOFF-TUNNEL FRONT MACH,SCR-HXFL-M8X1.25X60 8
SIDE-TUNNEL RH CONV 144,ASM-HANDHOLD LH
MOUNT-JACKSHAFT BEARING MACH,ASM-PASS SEAT FRAME
WELD/ASM-TUNNEL COOLER 144,ASM-COVER BCKRST W/DECAL TP/CO
PAD-FRONT,"CLIP-ATTCHT,NAIL.06"
ASM-CLOSEOFF REAR,ASM-HANDHOLD RH
SIDE-BULKHEAD RH,ASM-PASSENGER SEAT BLK
"WELD-REAR,RACK","SPRING-LATCH,SEAT"
"INSERT-AVK,AK,M6X1.00,4",HANDLE-SEAT BASE LATCH
"INSERT-AVK,AK,M6X1.00,4","SPRING-LATCH,SEAT"
"PLUG-TUBE,LOCKING",RIVET-POP 3/16(.126-
BUMPER-REAR,SCR-TXTH-M6X1
PIN-1/8X1-COTTER-Y,BODY-LATCH SEAT
"MOUNT-U,HITCH","PLATE-TOP, SEAT BASE LATCH"
TUBE-HITCH MOUNT,"NUT-RIVNUT,HEX,M6X1"
TUBE-HITCH,COVER-LATCH RH
PIN-CLEVIS 1/2X4,SCR-HXFL-M6X1.0X35 8
PLATE-HITCH MOUNT,COVER-LATCH LH
BLOCK-IDLER BOLT ADJ METRIC,WELD-SEAT SUPPORT
BLADE CORE_XC,LEVER-SEAT LATCH
RIVET-FLAT HD-1/4 X,NUT-HXFL-M6X1
BLADE_CAP_XC,RACK-PASS SEAT SUPPORT COVER
SCR-TXTH-M8X1.25X20 8,SCR-TXTH-M6X1.0X35 8
BLADE_CAP_XC,GROMMET-SEAT BASE
BLOCK-IDLER BOLT ADJ METRIC,RIVET-POP 3/16(.126-
RIVET-FLAT HD-1/4 X,COVER-TUNNEL PLATE
BLADE CORE_XC,PLUNGER-LATCH 8MM SHORT
SCR-TXTH-M8X1.25X20 8,LOCTITE - 263
"WHEEL-SPOKE,7",WELD-TUNNEL LATCH PLATE
RING-RETAINING,LEVER-THROTTLE 35
BRKT-SUPPORT RACK FRONT 137,SWITCH-BOX LH
TUBE-RACK 31.8X2,ASM-HANDHOLD GRIP/HEATER LH
TUBE-RACK 25.4X1,"SCR-10X5/8-HI/LO,PN-T25,TRX-M"
BRKT-SUPPORT RACK 137,HANDGAURD-PASS LH
GUSSET-RACK 137,SCR-TXTH-M6X1
TUBE-RACK 31.8X1,SCR-M6 X 1 X 16 TR/TX-M
BRKT-SUPPORT RACK REAR 137,FASTENER-U TYPE CLIP
TUBE-RACK 31.8X2,PLUNGER-LATCH 8MM
BRKT-SUPPORT RACK BOTTOM 137,LOCTITE - 263
TUBE-RACK 31.8X1,MOUNT-SEAT MACH
TUBE-RACK 25,SCR-HXFL-M8X1.25X60 8
PAD-SUSP REAR UPPER 144 RH,WELD-TUBE FRAME PASS SEAT
PAD-SUSPENSION REAR LOWER 144,"BUSHING-GRABHANDLE 1"""
NUT-CLINCH M8X1,GROMMET-SEAT BASE
SIDE-TUNNEL LH CONV 144,WASHER-5/16-SPRING LK-MED-Y
"PAD-SUSP INNER,MTN",DECAL-PASS SEAT WARNING
PAD-SUSPENSION REAR LOWER 144,COVER-BACKREST
"SPACER-CENTER TUNNEL,146",ASM-HANDHOLD GRIP/HEATER RH
FITTING-COOLER .75X20 DEG,SCR-M6 X 1 X 16 TR/TX-M
"EXCHANGER-TUNNEL 144, RH","SCR-10X5/8-HI/LO,PN-T25,TRX-M"
TUBE-COOLANT CROSSOVER,SCR-TXTH-M6X1
"EXCHANGER-TUNNEL 144, LH","PLUG-SWITCH,K1"
STUD-SELF-CLINCH M5X,SWITCH-BOX RH
STUD-SELF-CLINCH M6X1,HANDGAURD-PASS RH
CLOSEOFF-REAR TUNNEL CONV,1/2 X 3/8 STAPLE
PLATE-REAR RACK,NUT-JACK INSERT M6X1
"TUBE-RACK,EXTRUDED",ASM-COVER PASS SEAT TP/CO
PAD-SUSP REAR UPPER 144 RH,BASE-SEAT MOLDED
PAD-SUSPENSION REAR LOWER 144,BUN-PASSENGER SEAT TP/CO
NUT-CLINCH M8X1,TUBE-FRONT LH
SIDE-TUNNEL LH CONV 144,TUBE-UPPER RH
"PAD-SUSP INNER,MTN",BRKT-COVER MOUNT LH FRONT
PAD-SUSPENSION REAR LOWER 144,TUBE-GUSSET ANGLED LH
"SPACER-CENTER TUNNEL,146",TUBE-CROSS REAR
FITTING-COOLER .75X20 DEG,BRKT-COVER MOUNT RH FRONT
"EXCHANGER-TUNNEL 144, RH",BRKT-LATCH MOUNT
TUBE-COOLANT CROSSOVER,TUBE-GUSSET LH
"EXCHANGER-TUNNEL 144, LH",TUBE-UPPER LH
STUD-SELF-CLINCH M5X,TUBE-CROSS CENTER
STUD-SELF-CLINCH M6X1,TUBE-CROSS FRONT
CLOSEOFF-REAR TUNNEL CONV,BRKT-HOOK OUTER LH
PLATE-REAR RACK,BRKT-COVER MOUNT LH REAR
"TUBE-RACK,EXTRUDED",BRKT-PLASTIC MOUNT FRONT
LEVER-THROTTLE 35,TUBE-GUSSET ANGLED RH
LOCTITE - 263,TUBE-REAR LH
SCR-HXFL-M6X1.0X35 8,TUBE-FRONT RH
SCR-TXTH-M5X0,BRKT-HOOK OUTER RH
SCR-HXFL-M8X1.25X60 8,BRKT-BASE
ASM-HANDHOLD LH,TUBE-GUSSET RH
ASM-PASS SEAT FRAME,BRKT-HOOK INNER RH
ASM-COVER BCKRST W/DECAL TP/CO,BRKT-HOOK INNER LH
"CLIP-ATTCHT,NAIL.06",BRKT-COVER MOUNT RH REAR
ASM-HANDHOLD RH,TUBE-REAR RH
ASM-PASSENGER SEAT BLK,LEVER-SEAT LATCH
"SPRING-LATCH,SEAT",PLATE-SEAT LATCH
HANDLE-SEAT BASE LATCH,BOSS-THREADED
"SPRING-LATCH,SEAT",PIN-MOUNT
RIVET-POP 3/16(.126-,PLATE-LATCH
SCR-TXTH-M6X1,PLATE-LOCATING
SWITCH-BOX LH,"WELD-HAND HOLD,LH"
ASM-HANDHOLD GRIP/HEATER LH,"GRIP-HANDLEBAR,1"",LONG,BSC"
"SCR-10X5/8-HI/LO,PN-T25,TRX-M",HEATER-GRIP LO/HI ALUM
HANDGAURD-PASS LH,SPACER-BOLT M8
SCR-TXTH-M6X1,TUBE-FRAME PASS SEAT
SCR-M6 X 1 X 16 TR/TX-M,PLATE-BUN SUPPORT
FASTENER-U TYPE CLIP,"GRIP-HANDLEBAR,1"",LONG,BSC"
PLUNGER-LATCH 8MM,HEATER-GRIP LO/HI ALUM
LOCTITE - 263,WELD-HAND HOLD RH
MOUNT-SEAT MACH,BUN-PASSENGER SEAT TP/CO
"WELD-HAND HOLD,LH","PLUG-TUBE, M6X1"
"GRIP-HANDLEBAR,1"",LONG,BSC",TUBE-HAND HOLD LH
HEATER-GRIP LO/HI ALUM,PLATE-ADJUSTER ARM
SPACER-BOLT M8,PLATE-ADJUSTER ARM
TUBE-FRAME PASS SEAT,"TUBE-HAND HOLD,RH"
PLATE-BUN SUPPORT,"PLUG-TUBE, M6X1"
